﻿Create database ProcessReport
go 
Use ProcessReport
go 
CREATE TABLE WorkingSession (
    ID bigint,
    LocationID smallint, -- tỉnh thành
    BranchCode smallint, -- chi nhánh
    Status int, -- tình trạng
    CreateDate datetime, -- ngày tạo
    EndDate datetime) -- ngày hoàn tất
GO

CREATE TABLE Location (
    SubCompanyID int, -- vùng miền
    SubCompanyNameVN nvarchar(200),
    LocationID int, -- tỉnh thành
    LocationNameVN nvarchar(200),
    BranchCode int, -- chi nhánh
    BranchName varchar(300))
GO

CREATE TABLE Status (
    ID int, -- tình trạng
    Name nvarchar(100))
GO

INSERT Status VALUES
(3,N'Đang xử lý'),
(5,N'Đã phân công'),
(6,N'Chưa phân công'),
(8,N'Kết thúc'),
(9,N'Kết thúc theo YC')
GO

INSERT WorkingSession VALUES
(11069293,63,0,8,CONVERT(DATETIME, '2021-12-04 10:45:23.973', 121),CONVERT(DATETIME, '2021-12-06 10:35:55.747', 121)),
(11069303,63,0,8,CONVERT(DATETIME, '2021-12-04 10:45:24.547', 121),CONVERT(DATETIME, '2021-12-06 11:13:14.010', 121)),
(11069313,63,0,8,CONVERT(DATETIME, '2021-12-04 10:45:25.547', 121),CONVERT(DATETIME, '2021-12-04 11:25:30.520', 121)),
(11069333,63,0,8,CONVERT(DATETIME, '2021-12-04 10:49:03.677', 121),CONVERT(DATETIME, '2021-12-04 17:32:30.583', 121)),
(11069343,210,0,9,CONVERT(DATETIME, '2021-12-04 10:50:58.013', 121),CONVERT(DATETIME, '2021-12-06 07:36:03.313', 121)),
(11069603,63,0,8,CONVERT(DATETIME, '2021-12-04 11:34:47.153', 121),CONVERT(DATETIME, '2021-12-04 11:39:54.520', 121)),
(11069613,4,2,8,CONVERT(DATETIME, '2021-12-04 11:35:18.270', 121),CONVERT(DATETIME, '2021-12-10 14:28:20.167', 121)),
(11069623,781,0,8,CONVERT(DATETIME, '2021-12-04 11:38:12.347', 121),CONVERT(DATETIME, '2021-12-06 11:21:35.567', 121)),
(11069633,63,0,8,CONVERT(DATETIME, '2021-12-04 11:38:28.760', 121),CONVERT(DATETIME, '2021-12-06 16:48:31.587', 121)),
(11069643,63,0,8,CONVERT(DATETIME, '2021-12-04 11:38:47.220', 121),CONVERT(DATETIME, '2021-12-06 14:52:23.973', 121)),
(11070233,4,2,3,CONVERT(DATETIME, '2021-12-04 15:11:11.817', 121),NULL),
(11070243,210,0,8,CONVERT(DATETIME, '2021-12-04 15:16:38.837', 121),CONVERT(DATETIME, '2021-12-04 17:37:50.667', 121)),
(11070253,8,5,8,CONVERT(DATETIME, '2021-12-04 15:18:26.660', 121),CONVERT(DATETIME, '2021-12-04 15:19:42.230', 121)),
(11070263,63,0,8,CONVERT(DATETIME, '2021-12-04 15:18:40.980', 121),CONVERT(DATETIME, '2021-12-05 15:25:35.053', 121)),
(11070273,63,0,8,CONVERT(DATETIME, '2021-12-04 15:20:18.413', 121),CONVERT(DATETIME, '2021-12-07 12:10:34.713', 121)),
(11070283,4,2,8,CONVERT(DATETIME, '2021-12-04 15:23:40.530', 121),CONVERT(DATETIME, '2021-12-08 11:20:04.283', 121)),
(11070633,63,0,8,CONVERT(DATETIME, '2021-12-04 17:05:54.303', 121),CONVERT(DATETIME, '2021-12-04 17:17:18.477', 121)),
(11070653,57,0,8,CONVERT(DATETIME, '2021-12-04 17:19:14.007', 121),CONVERT(DATETIME, '2021-12-05 17:33:59.317', 121)),
(11070663,63,0,8,CONVERT(DATETIME, '2021-12-04 17:31:13.253', 121),CONVERT(DATETIME, '2021-12-04 17:59:52.077', 121)),
(11070673,8,5,8,CONVERT(DATETIME, '2021-12-04 17:32:43.617', 121),CONVERT(DATETIME, '2021-12-06 18:14:38.830', 121)),
(11064123,63,0,8,CONVERT(DATETIME, '2021-12-02 15:31:56.787', 121),CONVERT(DATETIME, '2021-12-02 15:34:57.527', 121)),
(11064133,8,5,8,CONVERT(DATETIME, '2021-12-02 15:33:40.160', 121),CONVERT(DATETIME, '2021-12-02 15:49:22.030', 121)),
(11064143,63,0,8,CONVERT(DATETIME, '2021-12-02 15:35:20.583', 121),CONVERT(DATETIME, '2021-12-04 09:57:39.747', 121)),
(11064153,8,5,8,CONVERT(DATETIME, '2021-12-02 15:35:23.280', 121),CONVERT(DATETIME, '2021-12-05 17:31:47.673', 121)),
(11064163,8,13,8,CONVERT(DATETIME, '2021-12-02 15:40:13.020', 121),CONVERT(DATETIME, '2021-12-04 08:51:21.787', 121)),
(11064173,4,2,8,CONVERT(DATETIME, '2021-12-02 15:40:20.540', 121),CONVERT(DATETIME, '2021-12-07 14:10:46.187', 121)),
(11064183,63,0,8,CONVERT(DATETIME, '2021-12-02 15:40:25.200', 121),CONVERT(DATETIME, '2021-12-06 14:49:14.307', 121)),
(11064193,4,2,3,CONVERT(DATETIME, '2021-12-02 15:40:31.600', 121),NULL),
(11064203,4,2,9,CONVERT(DATETIME, '2021-12-02 15:41:51.040', 121),CONVERT(DATETIME, '2021-12-03 17:48:05.893', 121)),
(11064213,8,5,8,CONVERT(DATETIME, '2021-12-02 15:41:58.960', 121),CONVERT(DATETIME, '2021-12-02 16:43:07.383', 121)),
(11064223,8,1,8,CONVERT(DATETIME, '2021-12-02 15:45:19.060', 121),CONVERT(DATETIME, '2021-12-03 17:54:04.530', 121)),
(11064233,4,2,8,CONVERT(DATETIME, '2021-12-02 15:45:22.320', 121),CONVERT(DATETIME, '2021-12-06 17:24:34.997', 121)),
(11064253,210,0,8,CONVERT(DATETIME, '2021-12-02 15:49:21.420', 121),CONVERT(DATETIME, '2021-12-04 07:38:19.320', 121)),
(11064263,57,0,8,CONVERT(DATETIME, '2021-12-02 15:50:13.340', 121),CONVERT(DATETIME, '2021-12-02 17:55:40.130', 121)),
(11064283,63,0,8,CONVERT(DATETIME, '2021-12-02 15:50:22.690', 121),CONVERT(DATETIME, '2021-12-07 16:13:49.023', 121)),
(11064293,8,5,8,CONVERT(DATETIME, '2021-12-02 15:50:23.230', 121),CONVERT(DATETIME, '2021-12-02 16:46:09.520', 121)),
(11064303,63,0,8,CONVERT(DATETIME, '2021-12-02 15:51:37.997', 121),CONVERT(DATETIME, '2021-12-02 16:43:13.027', 121)),
(11064313,63,0,8,CONVERT(DATETIME, '2021-12-02 15:52:37.140', 121),CONVERT(DATETIME, '2021-12-02 16:05:39.047', 121)),
(11064323,36,0,8,CONVERT(DATETIME, '2021-12-02 15:53:28.267', 121),CONVERT(DATETIME, '2021-12-03 11:11:47.643', 121)),
(11064333,781,0,8,CONVERT(DATETIME, '2021-12-02 15:54:43.473', 121),CONVERT(DATETIME, '2021-12-02 17:29:17.707', 121)),
(11064343,4,2,8,CONVERT(DATETIME, '2021-12-02 15:56:53.073', 121),CONVERT(DATETIME, '2021-12-15 09:56:43.767', 121)),
(11064353,63,0,8,CONVERT(DATETIME, '2021-12-02 15:57:01.210', 121),CONVERT(DATETIME, '2021-12-02 18:14:56.253', 121)),
(11064363,8,5,8,CONVERT(DATETIME, '2021-12-02 15:57:29.223', 121),CONVERT(DATETIME, '2021-12-03 08:57:29.430', 121)),
(11064373,8,5,8,CONVERT(DATETIME, '2021-12-02 15:57:33.663', 121),CONVERT(DATETIME, '2021-12-05 10:43:13.727', 121)),
(11064383,8,5,8,CONVERT(DATETIME, '2021-12-02 15:58:27.570', 121),CONVERT(DATETIME, '2021-12-02 16:01:37.500', 121)),
(11064393,8,5,8,CONVERT(DATETIME, '2021-12-02 15:59:05.310', 121),CONVERT(DATETIME, '2021-12-06 17:14:59.910', 121)),
(11064413,63,0,8,CONVERT(DATETIME, '2021-12-02 16:01:38.697', 121),CONVERT(DATETIME, '2021-12-02 16:05:02.490', 121)),
(11064423,4,2,8,CONVERT(DATETIME, '2021-12-02 16:06:13.400', 121),CONVERT(DATETIME, '2021-12-03 15:31:04.803', 121)),
(11064433,4,2,3,CONVERT(DATETIME, '2021-12-02 16:06:13.477', 121),NULL),
(11064443,8,5,8,CONVERT(DATETIME, '2021-12-02 16:08:43.817', 121),CONVERT(DATETIME, '2021-12-02 16:10:38.527', 121)),
(11064453,781,0,9,CONVERT(DATETIME, '2021-12-02 16:09:02.747', 121),CONVERT(DATETIME, '2021-12-03 10:23:39.040', 121)),
(11064463,8,5,8,CONVERT(DATETIME, '2021-12-02 16:09:54.827', 121),CONVERT(DATETIME, '2021-12-04 11:47:33.423', 121)),
(11064473,63,0,8,CONVERT(DATETIME, '2021-12-02 16:10:12.853', 121),CONVERT(DATETIME, '2021-12-04 10:04:24.880', 121)),
(11064483,63,0,8,CONVERT(DATETIME, '2021-12-02 16:10:13.337', 121),CONVERT(DATETIME, '2021-12-04 10:05:43.550', 121)),
(11064493,781,0,8,CONVERT(DATETIME, '2021-12-02 16:11:56.943', 121),CONVERT(DATETIME, '2021-12-03 11:58:14.363', 121)),
(11064503,36,0,9,CONVERT(DATETIME, '2021-12-02 16:16:59.513', 121),CONVERT(DATETIME, '2021-12-02 16:20:55.280', 121)),
(11064513,63,0,8,CONVERT(DATETIME, '2021-12-02 16:20:21.457', 121),CONVERT(DATETIME, '2021-12-04 10:07:55.680', 121)),
(11064523,8,5,8,CONVERT(DATETIME, '2021-12-02 16:20:48.017', 121),CONVERT(DATETIME, '2021-12-02 16:30:50.250', 121)),
(11064533,63,0,8,CONVERT(DATETIME, '2021-12-02 16:22:33.927', 121),CONVERT(DATETIME, '2021-12-02 18:28:33.673', 121)),
(11064543,4,2,9,CONVERT(DATETIME, '2021-12-02 16:26:51.033', 121),CONVERT(DATETIME, '2021-12-03 14:32:34.630', 121)),
(11064553,8,5,8,CONVERT(DATETIME, '2021-12-02 16:29:49.233', 121),CONVERT(DATETIME, '2021-12-02 16:34:55.423', 121)),
(11064563,8,5,8,CONVERT(DATETIME, '2021-12-02 16:30:22.460', 121),CONVERT(DATETIME, '2021-12-04 11:33:28.010', 121)),
(11064573,63,0,8,CONVERT(DATETIME, '2021-12-02 16:34:14.580', 121),CONVERT(DATETIME, '2021-12-08 17:26:17.457', 121)),
(11064583,4,2,8,CONVERT(DATETIME, '2021-12-02 16:35:17.450', 121),CONVERT(DATETIME, '2021-12-03 15:48:43.313', 121)),
(11064593,36,0,9,CONVERT(DATETIME, '2021-12-02 16:40:08.057', 121),CONVERT(DATETIME, '2021-12-02 18:12:04.703', 121)),
(11064603,63,0,8,CONVERT(DATETIME, '2021-12-02 16:40:11.803', 121),CONVERT(DATETIME, '2021-12-03 17:42:46.627', 121)),
(11064613,210,0,8,CONVERT(DATETIME, '2021-12-02 16:41:04.890', 121),CONVERT(DATETIME, '2021-12-06 14:53:39.003', 121)),
(11064623,8,5,8,CONVERT(DATETIME, '2021-12-02 16:42:58.707', 121),CONVERT(DATETIME, '2021-12-02 16:49:50.643', 121)),
(11064633,4,2,8,CONVERT(DATETIME, '2021-12-02 16:44:08.007', 121),CONVERT(DATETIME, '2021-12-09 10:46:57.597', 121)),
(11064643,8,5,8,CONVERT(DATETIME, '2021-12-02 16:45:07.420', 121),CONVERT(DATETIME, '2021-12-04 09:35:44.003', 121)),
(11064653,210,0,8,CONVERT(DATETIME, '2021-12-02 16:47:00.037', 121),CONVERT(DATETIME, '2021-12-06 08:15:33.120', 121)),
(11064663,210,0,8,CONVERT(DATETIME, '2021-12-02 16:47:23.580', 121),CONVERT(DATETIME, '2021-12-02 16:50:16.650', 121)),
(11064673,210,0,8,CONVERT(DATETIME, '2021-12-02 16:48:41.470', 121),CONVERT(DATETIME, '2021-12-04 07:41:56.977', 121)),
(11064693,63,0,8,CONVERT(DATETIME, '2021-12-02 16:50:20.470', 121),CONVERT(DATETIME, '2021-12-06 08:35:16.747', 121)),
(11064703,63,0,8,CONVERT(DATETIME, '2021-12-02 16:53:00.443', 121),CONVERT(DATETIME, '2021-12-06 16:06:28.197', 121)),
(11064713,36,0,8,CONVERT(DATETIME, '2021-12-02 16:54:33.140', 121),CONVERT(DATETIME, '2021-12-03 10:25:55.373', 121)),
(11064733,8,16,8,CONVERT(DATETIME, '2021-12-02 16:55:11.870', 121),CONVERT(DATETIME, '2021-12-06 13:47:30.697', 121)),
(11064743,4,2,9,CONVERT(DATETIME, '2021-12-02 16:55:12.440', 121),CONVERT(DATETIME, '2021-12-03 16:42:04.300', 121)),
(11064753,8,5,8,CONVERT(DATETIME, '2021-12-02 16:55:16.737', 121),CONVERT(DATETIME, '2021-12-02 17:13:29.007', 121)),
(11064763,63,0,8,CONVERT(DATETIME, '2021-12-02 16:56:24.600', 121),CONVERT(DATETIME, '2021-12-14 15:25:42.967', 121)),
(11064773,63,0,8,CONVERT(DATETIME, '2021-12-02 16:58:07.880', 121),CONVERT(DATETIME, '2021-12-10 17:24:01.307', 121)),
(11064783,210,0,8,CONVERT(DATETIME, '2021-12-02 17:01:08.180', 121),CONVERT(DATETIME, '2021-12-02 17:31:28.690', 121)),
(11064793,210,0,8,CONVERT(DATETIME, '2021-12-02 17:04:27.693', 121),CONVERT(DATETIME, '2021-12-06 15:32:19.620', 121)),
(11064803,4,2,8,CONVERT(DATETIME, '2021-12-02 17:08:02.680', 121),CONVERT(DATETIME, '2021-12-14 14:04:37.017', 121)),
(11064813,63,0,8,CONVERT(DATETIME, '2021-12-02 17:10:12.660', 121),CONVERT(DATETIME, '2021-12-04 10:28:58.053', 121)),
(11064823,210,0,8,CONVERT(DATETIME, '2021-12-02 17:16:57.123', 121),CONVERT(DATETIME, '2021-12-03 14:08:51.620', 121)),
(11064833,4,2,3,CONVERT(DATETIME, '2021-12-02 17:17:36.443', 121),NULL),
(11064843,4,2,8,CONVERT(DATETIME, '2021-12-02 17:20:12.057', 121),CONVERT(DATETIME, '2021-12-04 14:42:04.407', 121)),
(11064853,210,0,8,CONVERT(DATETIME, '2021-12-02 17:24:02.080', 121),CONVERT(DATETIME, '2021-12-03 10:03:18.503', 121)),
(11064863,63,0,8,CONVERT(DATETIME, '2021-12-02 17:24:30.053', 121),CONVERT(DATETIME, '2021-12-07 16:38:34.510', 121)),
(11064873,210,0,8,CONVERT(DATETIME, '2021-12-02 17:24:48.997', 121),CONVERT(DATETIME, '2021-12-03 15:44:36.327', 121)),
(11067213,63,0,8,CONVERT(DATETIME, '2021-12-03 14:34:11.650', 121),CONVERT(DATETIME, '2021-12-03 14:51:49.690', 121)),
(11067223,781,0,8,CONVERT(DATETIME, '2021-12-03 14:34:11.660', 121),CONVERT(DATETIME, '2021-12-06 11:10:12.910', 121)),
(11067233,8,11,8,CONVERT(DATETIME, '2021-12-03 14:35:19.620', 121),CONVERT(DATETIME, '2021-12-08 16:27:11.957', 121)),
(11067243,781,0,9,CONVERT(DATETIME, '2021-12-03 14:36:05.047', 121),CONVERT(DATETIME, '2021-12-03 15:02:52.310', 121)),
(11067253,8,5,8,CONVERT(DATETIME, '2021-12-03 14:38:05.997', 121),CONVERT(DATETIME, '2021-12-03 16:01:01.760', 121)),
(11067273,63,0,8,CONVERT(DATETIME, '2021-12-03 14:42:50.070', 121),CONVERT(DATETIME, '2021-12-03 17:31:36.523', 121)),
(11067283,8,5,8,CONVERT(DATETIME, '2021-12-03 14:44:07.223', 121),CONVERT(DATETIME, '2021-12-03 15:09:35.117', 121)),
(11067293,8,5,8,CONVERT(DATETIME, '2021-12-03 14:44:40.063', 121),CONVERT(DATETIME, '2021-12-03 15:10:10.983', 121)),
(11067303,781,0,8,CONVERT(DATETIME, '2021-12-03 14:46:33.563', 121),CONVERT(DATETIME, '2021-12-06 13:59:06.553', 121)),
(11067313,63,0,8,CONVERT(DATETIME, '2021-12-03 14:47:06.283', 121),CONVERT(DATETIME, '2021-12-03 17:31:04.933', 121)),
(11067323,63,0,8,CONVERT(DATETIME, '2021-12-03 14:49:28.793', 121),CONVERT(DATETIME, '2021-12-03 17:30:40.937', 121)),
(11067333,63,0,8,CONVERT(DATETIME, '2021-12-03 14:49:53.150', 121),CONVERT(DATETIME, '2021-12-05 13:57:36.583', 121)),
(11067343,63,0,8,CONVERT(DATETIME, '2021-12-03 14:50:14.820', 121),CONVERT(DATETIME, '2021-12-05 08:54:56.183', 121)),
(11067363,8,5,8,CONVERT(DATETIME, '2021-12-03 14:55:50.813', 121),CONVERT(DATETIME, '2021-12-03 16:18:54.373', 121)),
(11067373,63,0,8,CONVERT(DATETIME, '2021-12-03 14:55:59.870', 121),CONVERT(DATETIME, '2021-12-03 14:59:13.367', 121)),
(11067383,63,0,8,CONVERT(DATETIME, '2021-12-03 14:56:11.433', 121),CONVERT(DATETIME, '2021-12-03 17:30:10.360', 121)),
(11067393,4,2,9,CONVERT(DATETIME, '2021-12-03 15:00:25.960', 121),CONVERT(DATETIME, '2021-12-04 15:22:58.510', 121)),
(11067403,4,2,8,CONVERT(DATETIME, '2021-12-03 15:01:02.890', 121),CONVERT(DATETIME, '2021-12-08 11:23:35.960', 121)),
(11067413,63,0,8,CONVERT(DATETIME, '2021-12-03 15:02:58.900', 121),CONVERT(DATETIME, '2021-12-03 20:12:28.330', 121)),
(11067423,4,2,8,CONVERT(DATETIME, '2021-12-03 15:04:24.227', 121),CONVERT(DATETIME, '2021-12-08 18:46:45.623', 121)),
(11067433,8,5,8,CONVERT(DATETIME, '2021-12-03 15:05:15.513', 121),CONVERT(DATETIME, '2021-12-03 17:14:04.610', 121)),
(11067513,4,2,8,CONVERT(DATETIME, '2021-12-03 15:14:54.903', 121),CONVERT(DATETIME, '2021-12-04 17:04:49.607', 121)),
(11067523,8,5,8,CONVERT(DATETIME, '2021-12-03 15:14:56.390', 121),CONVERT(DATETIME, '2021-12-03 15:17:58.863', 121)),
(11067533,36,0,8,CONVERT(DATETIME, '2021-12-03 15:15:14.003', 121),CONVERT(DATETIME, '2021-12-03 15:59:23.770', 121)),
(11067543,4,2,8,CONVERT(DATETIME, '2021-12-03 15:15:27.053', 121),CONVERT(DATETIME, '2021-12-13 09:16:30.850', 121)),
(11067553,4,2,8,CONVERT(DATETIME, '2021-12-03 15:17:35.523', 121),CONVERT(DATETIME, '2021-12-13 09:18:50.890', 121)),
(11067573,63,0,8,CONVERT(DATETIME, '2021-12-03 15:20:26.630', 121),CONVERT(DATETIME, '2021-12-04 11:31:17.540', 121)),
(11067583,57,0,8,CONVERT(DATETIME, '2021-12-03 15:23:53.380', 121),CONVERT(DATETIME, '2021-12-07 10:08:50.340', 121)),
(11067593,63,0,8,CONVERT(DATETIME, '2021-12-03 15:23:56.423', 121),CONVERT(DATETIME, '2021-12-14 15:26:23.330', 121)),
(11067603,4,2,9,CONVERT(DATETIME, '2021-12-03 15:25:23.383', 121),CONVERT(DATETIME, '2021-12-04 15:44:36.250', 121)),
(11067613,4,2,3,CONVERT(DATETIME, '2021-12-03 15:27:25.583', 121),NULL),
(11067623,210,0,8,CONVERT(DATETIME, '2021-12-03 15:30:25.790', 121),CONVERT(DATETIME, '2021-12-03 15:40:56.433', 121)),
(11067633,4,2,8,CONVERT(DATETIME, '2021-12-03 15:31:17.517', 121),CONVERT(DATETIME, '2021-12-04 17:38:41.767', 121)),
(11067643,57,0,8,CONVERT(DATETIME, '2021-12-03 15:34:41.917', 121),CONVERT(DATETIME, '2021-12-06 11:19:28.447', 121)),
(11067653,8,5,8,CONVERT(DATETIME, '2021-12-03 15:35:15.007', 121),CONVERT(DATETIME, '2021-12-03 17:07:23.003', 121)),
(11067663,36,0,8,CONVERT(DATETIME, '2021-12-03 15:36:12.447', 121),CONVERT(DATETIME, '2021-12-03 17:32:13.283', 121)),
(11067673,4,2,8,CONVERT(DATETIME, '2021-12-03 15:36:27.440', 121),CONVERT(DATETIME, '2021-12-08 10:15:26.990', 121)),
(11067683,63,0,8,CONVERT(DATETIME, '2021-12-03 15:41:33.190', 121),CONVERT(DATETIME, '2021-12-06 09:05:31.370', 121)),
(11067693,8,5,8,CONVERT(DATETIME, '2021-12-03 15:42:02.340', 121),CONVERT(DATETIME, '2021-12-05 11:42:18.657', 121)),
(11067703,4,2,9,CONVERT(DATETIME, '2021-12-03 15:43:27.613', 121),CONVERT(DATETIME, '2021-12-06 17:30:55.720', 121)),
(11067713,8,5,8,CONVERT(DATETIME, '2021-12-03 15:46:55.390', 121),CONVERT(DATETIME, '2021-12-06 08:02:31.437', 121)),
(11067723,4,2,3,CONVERT(DATETIME, '2021-12-03 15:49:20.053', 121),NULL),
(11067733,210,0,8,CONVERT(DATETIME, '2021-12-03 15:55:08.087', 121),CONVERT(DATETIME, '2021-12-04 07:36:54.627', 121)),
(11067743,781,0,8,CONVERT(DATETIME, '2021-12-03 15:55:35.553', 121),CONVERT(DATETIME, '2021-12-06 10:01:30.763', 121)),
(11067753,210,0,8,CONVERT(DATETIME, '2021-12-03 15:56:49.490', 121),CONVERT(DATETIME, '2021-12-04 07:37:25.300', 121)),
(11067763,4,2,8,CONVERT(DATETIME, '2021-12-03 15:58:51.503', 121),CONVERT(DATETIME, '2021-12-08 10:20:17.677', 121)),
(11067773,63,0,8,CONVERT(DATETIME, '2021-12-03 16:00:19.810', 121),CONVERT(DATETIME, '2021-12-04 17:00:34.813', 121)),
(11067783,4,2,3,CONVERT(DATETIME, '2021-12-03 16:01:24.100', 121),NULL),
(11067803,4,2,8,CONVERT(DATETIME, '2021-12-03 16:04:15.493', 121),CONVERT(DATETIME, '2021-12-15 09:02:32.017', 121)),
(11067813,210,0,8,CONVERT(DATETIME, '2021-12-03 16:05:46.553', 121),CONVERT(DATETIME, '2021-12-03 16:09:58.167', 121)),
(11067823,63,0,8,CONVERT(DATETIME, '2021-12-03 16:08:06.567', 121),CONVERT(DATETIME, '2021-12-03 16:46:59.627', 121)),
(11067833,63,0,8,CONVERT(DATETIME, '2021-12-03 16:08:43.177', 121),CONVERT(DATETIME, '2021-12-03 16:46:36.677', 121)),
(11067843,63,0,8,CONVERT(DATETIME, '2021-12-03 16:09:50.173', 121),CONVERT(DATETIME, '2021-12-03 16:43:57.167', 121)),
(11067853,63,0,8,CONVERT(DATETIME, '2021-12-03 16:10:15.410', 121),CONVERT(DATETIME, '2021-12-04 17:13:34.130', 121)),
(11067863,8,5,8,CONVERT(DATETIME, '2021-12-03 16:10:15.890', 121),CONVERT(DATETIME, '2021-12-05 09:48:49.920', 121)),
(11067873,63,0,8,CONVERT(DATETIME, '2021-12-03 16:10:49.673', 121),CONVERT(DATETIME, '2021-12-03 16:43:15.713', 121)),
(11067883,210,0,8,CONVERT(DATETIME, '2021-12-03 16:11:17.250', 121),CONVERT(DATETIME, '2021-12-03 16:12:49.727', 121)),
(11067893,8,5,8,CONVERT(DATETIME, '2021-12-03 16:11:47.743', 121),CONVERT(DATETIME, '2021-12-03 17:05:59.223', 121)),
(11067903,63,0,8,CONVERT(DATETIME, '2021-12-03 16:11:49.480', 121),CONVERT(DATETIME, '2021-12-03 16:42:51.270', 121)),
(11067913,63,0,8,CONVERT(DATETIME, '2021-12-03 16:15:15.047', 121),CONVERT(DATETIME, '2021-12-08 11:37:21.523', 121)),
(11067923,4,2,8,CONVERT(DATETIME, '2021-12-03 16:15:36.000', 121),CONVERT(DATETIME, '2021-12-08 14:55:21.467', 121)),
(11067933,63,0,8,CONVERT(DATETIME, '2021-12-03 16:17:25.110', 121),CONVERT(DATETIME, '2021-12-04 17:44:51.543', 121)),
(11067943,210,0,8,CONVERT(DATETIME, '2021-12-03 16:18:06.813', 121),CONVERT(DATETIME, '2021-12-04 07:35:09.943', 121)),
(11067953,63,0,8,CONVERT(DATETIME, '2021-12-03 16:18:20.357', 121),CONVERT(DATETIME, '2021-12-04 18:06:00.190', 121)),
(11070363,8,5,8,CONVERT(DATETIME, '2021-12-04 15:53:12.820', 121),CONVERT(DATETIME, '2021-12-08 10:33:52.710', 121)),
(11070373,63,0,8,CONVERT(DATETIME, '2021-12-04 15:55:19.543', 121),CONVERT(DATETIME, '2021-12-06 10:38:56.440', 121)),
(11070383,63,0,8,CONVERT(DATETIME, '2021-12-04 15:56:59.170', 121),CONVERT(DATETIME, '2021-12-07 09:21:09.460', 121)),
(11070393,63,0,8,CONVERT(DATETIME, '2021-12-04 16:00:31.170', 121),CONVERT(DATETIME, '2021-12-05 17:05:15.367', 121)),
(11070403,4,2,8,CONVERT(DATETIME, '2021-12-04 16:03:14.080', 121),CONVERT(DATETIME, '2021-12-07 14:58:14.407', 121)),
(11070413,4,2,9,CONVERT(DATETIME, '2021-12-04 16:05:23.500', 121),CONVERT(DATETIME, '2021-12-06 16:31:35.507', 121)),
(11070423,4,2,8,CONVERT(DATETIME, '2021-12-04 16:12:08.420', 121),CONVERT(DATETIME, '2021-12-07 11:42:56.950', 121)),
(11070433,63,0,8,CONVERT(DATETIME, '2021-12-04 16:14:53.440', 121),CONVERT(DATETIME, '2021-12-06 17:17:29.700', 121)),
(11070443,63,0,8,CONVERT(DATETIME, '2021-12-04 16:15:28.373', 121),CONVERT(DATETIME, '2021-12-07 16:18:30.110', 121)),
(11070453,4,2,8,CONVERT(DATETIME, '2021-12-04 16:20:20.627', 121),CONVERT(DATETIME, '2021-12-06 18:02:39.853', 121)),
(11070463,8,5,8,CONVERT(DATETIME, '2021-12-04 16:25:19.173', 121),CONVERT(DATETIME, '2021-12-04 16:43:09.930', 121)),
(11070473,8,5,8,CONVERT(DATETIME, '2021-12-04 16:33:04.443', 121),CONVERT(DATETIME, '2021-12-06 07:53:16.670', 121)),
(11070483,63,0,8,CONVERT(DATETIME, '2021-12-04 16:34:52.913', 121),CONVERT(DATETIME, '2021-12-04 16:38:02.747', 121)),
(11070493,63,0,8,CONVERT(DATETIME, '2021-12-04 16:35:26.377', 121),CONVERT(DATETIME, '2021-12-04 18:00:31.583', 121)),
(11070523,4,2,8,CONVERT(DATETIME, '2021-12-04 16:50:18.830', 121),CONVERT(DATETIME, '2021-12-06 10:07:18.607', 121)),
(11070533,8,5,8,CONVERT(DATETIME, '2021-12-04 16:50:23.297', 121),CONVERT(DATETIME, '2021-12-06 09:00:52.233', 121)),
(11070543,8,5,8,CONVERT(DATETIME, '2021-12-04 16:54:21.703', 121),CONVERT(DATETIME, '2021-12-07 09:15:43.473', 121)),
(11070553,210,0,8,CONVERT(DATETIME, '2021-12-04 16:54:52.410', 121),CONVERT(DATETIME, '2021-12-04 16:56:35.350', 121)),
(11070563,63,0,8,CONVERT(DATETIME, '2021-12-04 16:55:23.793', 121),CONVERT(DATETIME, '2021-12-06 14:57:27.510', 121)),
(11070573,210,0,9,CONVERT(DATETIME, '2021-12-04 16:57:43.510', 121),CONVERT(DATETIME, '2021-12-06 07:35:16.990', 121)),
(11070583,210,0,8,CONVERT(DATETIME, '2021-12-04 16:59:32.500', 121),CONVERT(DATETIME, '2021-12-07 17:18:42.107', 121)),
(11070593,4,2,9,CONVERT(DATETIME, '2021-12-04 17:00:19.767', 121),CONVERT(DATETIME, '2021-12-06 15:20:33.500', 121)),
(11070613,781,0,9,CONVERT(DATETIME, '2021-12-04 17:02:14.317', 121),CONVERT(DATETIME, '2021-12-05 15:16:31.560', 121)),
(11070623,4,2,9,CONVERT(DATETIME, '2021-12-04 17:05:18.950', 121),CONVERT(DATETIME, '2021-12-06 15:22:01.070', 121)),
(11070683,4,2,8,CONVERT(DATETIME, '2021-12-04 17:32:49.363', 121),CONVERT(DATETIME, '2021-12-04 17:43:39.470', 121)),
(11070693,63,0,8,CONVERT(DATETIME, '2021-12-04 17:35:18.843', 121),CONVERT(DATETIME, '2021-12-08 10:10:43.803', 121)),
(11070703,63,0,8,CONVERT(DATETIME, '2021-12-04 17:38:09.727', 121),CONVERT(DATETIME, '2021-12-05 16:50:22.420', 121)),
(11070713,57,0,8,CONVERT(DATETIME, '2021-12-04 17:41:33.590', 121),CONVERT(DATETIME, '2021-12-06 18:06:52.060', 121)),
(11070723,8,5,8,CONVERT(DATETIME, '2021-12-04 17:43:49.627', 121),CONVERT(DATETIME, '2021-12-07 08:20:22.637', 121)),
(11070733,63,0,8,CONVERT(DATETIME, '2021-12-04 17:44:26.533', 121),CONVERT(DATETIME, '2021-12-07 16:11:07.903', 121)),
(11070743,4,2,9,CONVERT(DATETIME, '2021-12-04 17:45:24.090', 121),CONVERT(DATETIME, '2021-12-06 16:32:32.033', 121)),
(11070753,8,5,8,CONVERT(DATETIME, '2021-12-04 17:45:29.277', 121),CONVERT(DATETIME, '2021-12-05 10:31:11.227', 121)),
(11070763,8,5,8,CONVERT(DATETIME, '2021-12-04 18:07:07.580', 121),CONVERT(DATETIME, '2021-12-07 11:08:46.990', 121)),
(11070773,781,0,8,CONVERT(DATETIME, '2021-12-04 18:13:34.007', 121),CONVERT(DATETIME, '2021-12-05 09:59:15.860', 121)),
(11070783,781,0,8,CONVERT(DATETIME, '2021-12-04 18:14:12.160', 121),CONVERT(DATETIME, '2021-12-05 09:58:05.077', 121)),
(11070793,781,0,8,CONVERT(DATETIME, '2021-12-04 18:18:56.813', 121),CONVERT(DATETIME, '2021-12-05 09:18:41.080', 121)),
(11070803,4,7,9,CONVERT(DATETIME, '2021-12-04 18:21:05.280', 121),CONVERT(DATETIME, '2021-12-06 16:29:23.703', 121)),
(11070823,781,0,8,CONVERT(DATETIME, '2021-12-04 18:27:43.233', 121),CONVERT(DATETIME, '2021-12-05 09:39:14.300', 121)),
(11070833,8,5,8,CONVERT(DATETIME, '2021-12-04 18:34:04.893', 121),CONVERT(DATETIME, '2021-12-06 10:41:26.850', 121)),
(11070843,4,2,3,CONVERT(DATETIME, '2021-12-04 18:45:18.823', 121),NULL),
(11070853,4,2,9,CONVERT(DATETIME, '2021-12-04 18:50:18.967', 121),CONVERT(DATETIME, '2021-12-06 11:00:14.093', 121)),
(11070863,4,2,8,CONVERT(DATETIME, '2021-12-04 18:55:18.760', 121),CONVERT(DATETIME, '2021-12-08 11:52:57.027', 121)),
(11070873,63,0,8,CONVERT(DATETIME, '2021-12-04 19:15:18.783', 121),CONVERT(DATETIME, '2021-12-07 16:26:47.767', 121)),
(11070883,63,0,8,CONVERT(DATETIME, '2021-12-04 20:16:38.950', 121),CONVERT(DATETIME, '2021-12-04 20:46:12.330', 121)),
(11070893,63,0,8,CONVERT(DATETIME, '2021-12-04 20:16:54.773', 121),CONVERT(DATETIME, '2021-12-04 20:52:55.110', 121)),
(11070903,63,0,8,CONVERT(DATETIME, '2021-12-04 20:17:20.653', 121),CONVERT(DATETIME, '2021-12-04 20:56:08.690', 121)),
(11070913,63,0,8,CONVERT(DATETIME, '2021-12-04 20:17:37.940', 121),CONVERT(DATETIME, '2021-12-04 20:59:16.353', 121)),
(11070923,63,0,8,CONVERT(DATETIME, '2021-12-04 20:17:55.490', 121),CONVERT(DATETIME, '2021-12-04 21:01:51.510', 121)),
(11070933,63,0,8,CONVERT(DATETIME, '2021-12-04 20:18:23.940', 121),CONVERT(DATETIME, '2021-12-04 21:04:27.150', 121)),
(11070943,63,0,8,CONVERT(DATETIME, '2021-12-04 20:18:57.183', 121),CONVERT(DATETIME, '2021-12-04 21:07:52.963', 121)),
(11070953,63,0,8,CONVERT(DATETIME, '2021-12-04 20:19:20.217', 121),CONVERT(DATETIME, '2021-12-04 21:10:28.950', 121)),
(11070963,63,0,8,CONVERT(DATETIME, '2021-12-04 20:33:34.093', 121),CONVERT(DATETIME, '2021-12-04 21:13:27.093', 121)),
(11070973,63,0,8,CONVERT(DATETIME, '2021-12-04 20:34:07.337', 121),CONVERT(DATETIME, '2021-12-04 21:18:59.983', 121)),
(11070983,63,0,8,CONVERT(DATETIME, '2021-12-04 20:34:40.533', 121),CONVERT(DATETIME, '2021-12-04 21:24:09.213', 121)),
(11070993,63,0,8,CONVERT(DATETIME, '2021-12-04 20:35:00.850', 121),CONVERT(DATETIME, '2021-12-04 21:27:09.893', 121)),
(11071003,63,0,8,CONVERT(DATETIME, '2021-12-04 20:35:25.920', 121),CONVERT(DATETIME, '2021-12-04 21:29:48.760', 121)),
(11071013,63,0,8,CONVERT(DATETIME, '2021-12-04 20:35:49.973', 121),CONVERT(DATETIME, '2021-12-04 21:32:30.977', 121)),
(11071023,63,0,8,CONVERT(DATETIME, '2021-12-04 20:36:17.913', 121),CONVERT(DATETIME, '2021-12-04 21:34:53.747', 121)),
(11071033,63,0,8,CONVERT(DATETIME, '2021-12-04 20:36:42.080', 121),CONVERT(DATETIME, '2021-12-04 21:38:30.137', 121)),
(11071043,63,0,8,CONVERT(DATETIME, '2021-12-04 20:37:21.600', 121),CONVERT(DATETIME, '2021-12-04 21:40:53.367', 121)),
(11071053,4,2,9,CONVERT(DATETIME, '2021-12-04 20:40:18.993', 121),CONVERT(DATETIME, '2021-12-06 15:22:22.400', 121)),
(11071063,63,0,8,CONVERT(DATETIME, '2021-12-04 20:47:10.660', 121),CONVERT(DATETIME, '2021-12-04 21:43:39.327', 121)),
(11071073,63,0,8,CONVERT(DATETIME, '2021-12-04 20:47:59.293', 121),CONVERT(DATETIME, '2021-12-04 21:45:47.747', 121)),
(11071083,63,0,8,CONVERT(DATETIME, '2021-12-04 20:48:24.907', 121),CONVERT(DATETIME, '2021-12-04 21:48:18.753', 121)),
(11071093,63,0,8,CONVERT(DATETIME, '2021-12-04 20:48:50.167', 121),CONVERT(DATETIME, '2021-12-04 21:56:12.033', 121)),
(11065323,63,0,8,CONVERT(DATETIME, '2021-12-03 08:13:27.090', 121),CONVERT(DATETIME, '2021-12-06 08:49:34.897', 121)),
(11065333,36,0,8,CONVERT(DATETIME, '2021-12-03 08:13:40.337', 121),CONVERT(DATETIME, '2021-12-04 09:22:03.247', 121)),
(11065343,63,0,9,CONVERT(DATETIME, '2021-12-03 08:16:20.060', 121),CONVERT(DATETIME, '2021-12-03 12:01:50.990', 121)),
(11065353,63,0,8,CONVERT(DATETIME, '2021-12-03 08:19:51.130', 121),CONVERT(DATETIME, '2021-12-04 10:37:03.450', 121)),
(11065363,63,0,8,CONVERT(DATETIME, '2021-12-03 08:20:14.357', 121),CONVERT(DATETIME, '2021-12-04 10:41:56.240', 121)),
(11065373,8,5,8,CONVERT(DATETIME, '2021-12-03 08:25:20.837', 121),CONVERT(DATETIME, '2021-12-10 16:02:38.963', 121)),
(11065383,210,0,8,CONVERT(DATETIME, '2021-12-03 08:26:22.717', 121),CONVERT(DATETIME, '2021-12-03 10:26:29.610', 121)),
(11066863,63,0,8,CONVERT(DATETIME, '2021-12-03 13:32:49.793', 121),CONVERT(DATETIME, '2021-12-05 10:47:27.303', 121)),
(11066873,8,5,8,CONVERT(DATETIME, '2021-12-03 13:33:25.313', 121),CONVERT(DATETIME, '2021-12-03 14:00:25.250', 121)),
(11066883,8,5,8,CONVERT(DATETIME, '2021-12-03 13:35:14.690', 121),CONVERT(DATETIME, '2021-12-06 09:33:35.720', 121)),
(11066893,63,0,8,CONVERT(DATETIME, '2021-12-03 13:40:16.787', 121),CONVERT(DATETIME, '2021-12-03 20:21:24.880', 121)),
(11066903,8,5,8,CONVERT(DATETIME, '2021-12-03 13:42:16.583', 121),CONVERT(DATETIME, '2021-12-03 13:44:20.173', 121)),
(11066913,8,5,8,CONVERT(DATETIME, '2021-12-03 13:47:48.087', 121),CONVERT(DATETIME, '2021-12-06 08:50:56.480', 121)),
(11066923,210,0,8,CONVERT(DATETIME, '2021-12-03 13:47:55.360', 121),CONVERT(DATETIME, '2021-12-04 07:42:32.707', 121)),
(11067443,63,0,8,CONVERT(DATETIME, '2021-12-03 15:08:09.897', 121),CONVERT(DATETIME, '2021-12-03 15:13:35.813', 121)),
(11067453,63,0,8,CONVERT(DATETIME, '2021-12-03 15:10:17.603', 121),CONVERT(DATETIME, '2021-12-07 17:03:01.470', 121)),
(11067463,4,2,3,CONVERT(DATETIME, '2021-12-03 15:11:05.163', 121),NULL),
(11067483,8,5,8,CONVERT(DATETIME, '2021-12-03 15:12:36.063', 121),CONVERT(DATETIME, '2021-12-03 15:49:18.630', 121)),
(11067493,4,2,8,CONVERT(DATETIME, '2021-12-03 15:13:37.787', 121),CONVERT(DATETIME, '2021-12-09 09:40:57.683', 121)),
(11067503,210,0,8,CONVERT(DATETIME, '2021-12-03 15:14:33.160', 121),CONVERT(DATETIME, '2021-12-04 07:44:10.697', 121)),
(11067963,63,0,8,CONVERT(DATETIME, '2021-12-03 16:19:10.003', 121),CONVERT(DATETIME, '2021-12-04 17:42:04.357', 121)),
(11067973,8,5,8,CONVERT(DATETIME, '2021-12-03 16:19:27.533', 121),CONVERT(DATETIME, '2021-12-03 16:21:28.517', 121)),
(11067983,63,0,8,CONVERT(DATETIME, '2021-12-03 16:20:30.310', 121),CONVERT(DATETIME, '2021-12-04 17:38:16.560', 121)),
(11067993,63,0,8,CONVERT(DATETIME, '2021-12-03 16:21:32.747', 121),CONVERT(DATETIME, '2021-12-04 16:55:26.207', 121)),
(11068003,63,0,8,CONVERT(DATETIME, '2021-12-03 16:22:21.147', 121),CONVERT(DATETIME, '2021-12-03 17:20:38.873', 121)),
(11068043,63,0,8,CONVERT(DATETIME, '2021-12-03 16:25:02.703', 121),CONVERT(DATETIME, '2021-12-03 16:53:37.440', 121)),
(11068053,4,2,8,CONVERT(DATETIME, '2021-12-03 16:25:15.440', 121),CONVERT(DATETIME, '2021-12-04 14:04:38.313', 121)),
(11068063,63,0,8,CONVERT(DATETIME, '2021-12-03 16:27:21.653', 121),CONVERT(DATETIME, '2021-12-03 16:49:01.680', 121)),
(11068073,36,0,8,CONVERT(DATETIME, '2021-12-03 16:31:46.067', 121),CONVERT(DATETIME, '2021-12-03 17:32:33.650', 121)),
(11068083,4,2,8,CONVERT(DATETIME, '2021-12-03 16:32:40.300', 121),CONVERT(DATETIME, '2021-12-04 14:11:17.940', 121)),
(11068093,63,0,8,CONVERT(DATETIME, '2021-12-03 16:32:46.333', 121),CONVERT(DATETIME, '2021-12-06 11:28:49.030', 121)),
(11068103,8,5,8,CONVERT(DATETIME, '2021-12-03 16:33:29.433', 121),CONVERT(DATETIME, '2021-12-06 10:03:25.057', 121)),
(11068273,36,0,8,CONVERT(DATETIME, '2021-12-03 17:09:03.073', 121),CONVERT(DATETIME, '2021-12-04 11:32:15.220', 121)),
(11068283,63,0,8,CONVERT(DATETIME, '2021-12-03 17:11:19.520', 121),CONVERT(DATETIME, '2021-12-06 09:06:17.553', 121)),
(11068293,63,0,8,CONVERT(DATETIME, '2021-12-03 17:12:10.580', 121),CONVERT(DATETIME, '2021-12-03 17:27:32.137', 121)),
(11068313,8,5,8,CONVERT(DATETIME, '2021-12-03 17:15:15.153', 121),CONVERT(DATETIME, '2021-12-04 11:36:09.813', 121)),
(11068323,8,5,8,CONVERT(DATETIME, '2021-12-03 17:20:31.990', 121),CONVERT(DATETIME, '2021-12-06 09:24:55.450', 121)),
(11068483,57,0,8,CONVERT(DATETIME, '2021-12-03 18:32:26.660', 121),CONVERT(DATETIME, '2021-12-06 17:10:21.670', 121)),
(11068493,63,0,8,CONVERT(DATETIME, '2021-12-03 18:36:44.310', 121),CONVERT(DATETIME, '2021-12-03 19:56:21.447', 121)),
(11068503,63,0,8,CONVERT(DATETIME, '2021-12-03 18:40:01.083', 121),CONVERT(DATETIME, '2021-12-03 19:36:26.543', 121)),
(11068513,8,5,8,CONVERT(DATETIME, '2021-12-03 18:48:57.803', 121),CONVERT(DATETIME, '2021-12-04 11:46:43.120', 121)),
(11068523,210,0,8,CONVERT(DATETIME, '2021-12-03 18:51:25.160', 121),CONVERT(DATETIME, '2021-12-07 13:43:20.170', 121)),
(11068533,781,0,8,CONVERT(DATETIME, '2021-12-03 19:05:45.777', 121),CONVERT(DATETIME, '2021-12-04 11:50:29.220', 121)),
(11068543,4,2,3,CONVERT(DATETIME, '2021-12-03 19:13:48.717', 121),NULL),
(11068613,210,0,8,CONVERT(DATETIME, '2021-12-04 08:03:05.690', 121),CONVERT(DATETIME, '2021-12-06 09:33:12.337', 121)),
(11068623,63,0,8,CONVERT(DATETIME, '2021-12-04 08:03:38.547', 121),CONVERT(DATETIME, '2021-12-04 17:31:21.940', 121)),
(11068633,63,0,8,CONVERT(DATETIME, '2021-12-04 08:04:19.133', 121),CONVERT(DATETIME, '2021-12-04 17:31:56.123', 121)),
(11068643,210,0,8,CONVERT(DATETIME, '2021-12-04 08:09:47.957', 121),CONVERT(DATETIME, '2021-12-06 09:08:15.380', 121)),
(11068653,36,0,8,CONVERT(DATETIME, '2021-12-04 08:17:13.497', 121),CONVERT(DATETIME, '2021-12-04 11:42:16.417', 121)),
(11068663,781,0,8,CONVERT(DATETIME, '2021-12-04 08:22:41.760', 121),CONVERT(DATETIME, '2021-12-04 17:21:22.037', 121)),
(11068673,63,0,8,CONVERT(DATETIME, '2021-12-04 08:24:01.840', 121),CONVERT(DATETIME, '2021-12-06 16:17:15.337', 121)),
(11063233,63,0,8,CONVERT(DATETIME, '2021-12-02 12:02:51.717', 121),CONVERT(DATETIME, '2021-12-05 11:25:47.503', 121)),
(11063243,8,5,8,CONVERT(DATETIME, '2021-12-02 12:05:56.720', 121),CONVERT(DATETIME, '2021-12-09 17:14:26.827', 121)),
(11063253,781,0,8,CONVERT(DATETIME, '2021-12-02 12:09:41.973', 121),CONVERT(DATETIME, '2021-12-02 15:07:31.710', 121)),
(11063263,8,5,8,CONVERT(DATETIME, '2021-12-02 12:10:04.663', 121),CONVERT(DATETIME, '2021-12-02 14:22:37.293', 121)),
(11063273,8,5,8,CONVERT(DATETIME, '2021-12-02 12:10:11.420', 121),CONVERT(DATETIME, '2021-12-03 15:47:37.410', 121)),
(11063283,63,0,8,CONVERT(DATETIME, '2021-12-02 12:21:46.670', 121),CONVERT(DATETIME, '2021-12-02 12:22:57.933', 121)),
(11063303,781,0,8,CONVERT(DATETIME, '2021-12-02 12:34:52.897', 121),CONVERT(DATETIME, '2021-12-02 16:14:54.487', 121)),
(11063313,210,0,8,CONVERT(DATETIME, '2021-12-02 12:35:42.207', 121),CONVERT(DATETIME, '2021-12-03 10:57:12.703', 121)),
(11063323,63,0,8,CONVERT(DATETIME, '2021-12-02 12:38:05.020', 121),CONVERT(DATETIME, '2021-12-02 17:18:39.197', 121)),
(11063333,63,0,8,CONVERT(DATETIME, '2021-12-02 12:42:29.727', 121),CONVERT(DATETIME, '2021-12-02 15:10:52.417', 121)),
(11063343,63,0,8,CONVERT(DATETIME, '2021-12-02 12:45:39.080', 121),CONVERT(DATETIME, '2021-12-02 18:14:21.440', 121)),
(11063353,8,5,8,CONVERT(DATETIME, '2021-12-02 12:51:14.313', 121),CONVERT(DATETIME, '2021-12-03 08:36:58.773', 121)),
(11063363,8,5,8,CONVERT(DATETIME, '2021-12-02 12:51:32.530', 121),CONVERT(DATETIME, '2021-12-03 17:40:52.410', 121)),
(11063433,781,0,8,CONVERT(DATETIME, '2021-12-02 13:33:32.900', 121),CONVERT(DATETIME, '2021-12-02 16:40:24.637', 121)),
(11063443,8,5,8,CONVERT(DATETIME, '2021-12-02 13:41:01.543', 121),CONVERT(DATETIME, '2021-12-03 08:22:09.910', 121)),
(11063453,63,0,8,CONVERT(DATETIME, '2021-12-02 13:41:28.097', 121),CONVERT(DATETIME, '2021-12-03 14:54:50.970', 121)),
(11063463,4,2,8,CONVERT(DATETIME, '2021-12-02 13:42:55.173', 121),CONVERT(DATETIME, '2021-12-03 17:47:02.830', 121)),
(11063473,4,2,3,CONVERT(DATETIME, '2021-12-02 13:42:59.937', 121),NULL),
(11063483,63,0,8,CONVERT(DATETIME, '2021-12-02 13:45:02.833', 121),CONVERT(DATETIME, '2021-12-02 14:04:21.140', 121)),
(11063493,63,0,8,CONVERT(DATETIME, '2021-12-02 13:45:13.177', 121),CONVERT(DATETIME, '2021-12-04 09:33:08.557', 121)),
(11063553,63,0,8,CONVERT(DATETIME, '2021-12-02 13:53:04.420', 121),CONVERT(DATETIME, '2021-12-03 14:30:23.967', 121)),
(11063563,63,0,8,CONVERT(DATETIME, '2021-12-02 13:53:29.780', 121),CONVERT(DATETIME, '2021-12-02 14:18:48.817', 121)),
(11063583,63,0,8,CONVERT(DATETIME, '2021-12-02 14:00:16.977', 121),CONVERT(DATETIME, '2021-12-03 18:10:35.357', 121)),
(11063593,8,5,8,CONVERT(DATETIME, '2021-12-02 14:04:51.030', 121),CONVERT(DATETIME, '2021-12-02 17:35:30.097', 121)),
(11063603,63,0,8,CONVERT(DATETIME, '2021-12-02 14:05:08.040', 121),CONVERT(DATETIME, '2021-12-02 14:34:27.313', 121)),
(11063613,8,5,8,CONVERT(DATETIME, '2021-12-02 14:07:12.903', 121),CONVERT(DATETIME, '2021-12-04 15:28:44.990', 121)),
(11063623,63,0,8,CONVERT(DATETIME, '2021-12-02 14:07:58.067', 121),CONVERT(DATETIME, '2021-12-02 16:34:24.147', 121)),
(11063633,781,0,8,CONVERT(DATETIME, '2021-12-02 14:10:04.747', 121),CONVERT(DATETIME, '2021-12-03 13:43:12.317', 121)),
(11063643,8,5,8,CONVERT(DATETIME, '2021-12-02 14:10:35.377', 121),CONVERT(DATETIME, '2021-12-06 10:43:09.703', 121)),
(11063653,63,0,8,CONVERT(DATETIME, '2021-12-02 14:14:56.650', 121),CONVERT(DATETIME, '2021-12-05 17:03:40.103', 121)),
(11063663,63,0,8,CONVERT(DATETIME, '2021-12-02 14:16:17.937', 121),CONVERT(DATETIME, '2021-12-03 11:03:00.713', 121)),
(11063673,4,2,8,CONVERT(DATETIME, '2021-12-02 14:19:49.507', 121),CONVERT(DATETIME, '2021-12-09 11:55:25.667', 121)),
(11063683,63,0,8,CONVERT(DATETIME, '2021-12-02 14:23:43.070', 121),CONVERT(DATETIME, '2021-12-08 16:39:27.500', 121)),
(11063693,210,0,8,CONVERT(DATETIME, '2021-12-02 14:24:57.380', 121),CONVERT(DATETIME, '2021-12-02 15:28:24.710', 121)),
(11063763,210,0,8,CONVERT(DATETIME, '2021-12-02 14:32:37.110', 121),CONVERT(DATETIME, '2021-12-02 15:29:25.353', 121)),
(11063773,8,5,8,CONVERT(DATETIME, '2021-12-02 14:35:07.760', 121),CONVERT(DATETIME, '2021-12-05 10:30:54.990', 121)),
(11063783,63,0,8,CONVERT(DATETIME, '2021-12-02 14:40:11.700', 121),CONVERT(DATETIME, '2021-12-03 16:59:48.847', 121)),
(11063793,63,0,8,CONVERT(DATETIME, '2021-12-02 14:41:22.753', 121),CONVERT(DATETIME, '2021-12-02 14:47:34.183', 121)),
(11063803,63,0,8,CONVERT(DATETIME, '2021-12-02 14:42:15.100', 121),CONVERT(DATETIME, '2021-12-09 10:38:22.250', 121)),
(11063813,63,0,8,CONVERT(DATETIME, '2021-12-02 14:45:16.853', 121),CONVERT(DATETIME, '2021-12-03 10:11:49.903', 121)),
(11063823,63,0,8,CONVERT(DATETIME, '2021-12-02 14:47:11.090', 121),CONVERT(DATETIME, '2021-12-02 18:28:00.333', 121)),
(11063843,4,2,9,CONVERT(DATETIME, '2021-12-02 14:50:16.180', 121),CONVERT(DATETIME, '2021-12-03 10:49:46.473', 121)),
(11063873,63,0,8,CONVERT(DATETIME, '2021-12-02 14:55:48.063', 121),CONVERT(DATETIME, '2021-12-06 09:01:02.827', 121)),
(11063883,8,5,8,CONVERT(DATETIME, '2021-12-02 14:56:07.787', 121),CONVERT(DATETIME, '2021-12-03 17:10:57.220', 121)),
(11063893,36,0,8,CONVERT(DATETIME, '2021-12-02 15:00:11.780', 121),CONVERT(DATETIME, '2021-12-03 17:42:27.113', 121)),
(11063903,63,0,8,CONVERT(DATETIME, '2021-12-02 15:01:22.947', 121),CONVERT(DATETIME, '2021-12-02 16:57:02.753', 121)),
(11063913,63,0,8,CONVERT(DATETIME, '2021-12-02 15:02:58.240', 121),CONVERT(DATETIME, '2021-12-02 16:41:52.733', 121)),
(11063923,8,5,8,CONVERT(DATETIME, '2021-12-02 15:04:15.453', 121),CONVERT(DATETIME, '2021-12-03 16:30:40.093', 121)),
(11063933,210,0,8,CONVERT(DATETIME, '2021-12-02 15:04:26.457', 121),CONVERT(DATETIME, '2021-12-03 07:39:05.587', 121)),
(11063943,63,0,8,CONVERT(DATETIME, '2021-12-02 15:05:15.807', 121),CONVERT(DATETIME, '2021-12-03 17:05:49.120', 121)),
(11063953,63,0,8,CONVERT(DATETIME, '2021-12-02 15:10:16.150', 121),CONVERT(DATETIME, '2021-12-03 17:09:51.477', 121)),
(11063963,8,5,8,CONVERT(DATETIME, '2021-12-02 15:11:10.277', 121),CONVERT(DATETIME, '2021-12-02 17:24:32.220', 121)),
(11063973,8,5,8,CONVERT(DATETIME, '2021-12-02 15:12:37.533', 121),CONVERT(DATETIME, '2021-12-03 08:41:56.690', 121)),
(11063983,4,2,9,CONVERT(DATETIME, '2021-12-02 15:12:39.583', 121),CONVERT(DATETIME, '2021-12-07 10:42:01.893', 121)),
(11063993,63,0,8,CONVERT(DATETIME, '2021-12-02 15:13:21.200', 121),CONVERT(DATETIME, '2021-12-02 16:34:52.750', 121)),
(11064003,8,5,8,CONVERT(DATETIME, '2021-12-02 15:15:39.373', 121),CONVERT(DATETIME, '2021-12-02 15:32:56.187', 121)),
(11064013,781,0,8,CONVERT(DATETIME, '2021-12-02 15:17:10.260', 121),CONVERT(DATETIME, '2021-12-03 13:47:02.640', 121)),
(11066433,4,2,8,CONVERT(DATETIME, '2021-12-03 11:18:19.617', 121),CONVERT(DATETIME, '2021-12-07 12:02:53.867', 121)),
(11066443,8,5,8,CONVERT(DATETIME, '2021-12-03 11:19:30.070', 121),CONVERT(DATETIME, '2021-12-03 13:39:00.000', 121)),
(11066453,4,2,3,CONVERT(DATETIME, '2021-12-03 11:21:24.937', 121),NULL),
(11066463,8,5,8,CONVERT(DATETIME, '2021-12-03 11:21:37.793', 121),CONVERT(DATETIME, '2021-12-08 18:08:47.440', 121)),
(11066473,8,5,8,CONVERT(DATETIME, '2021-12-03 11:22:25.493', 121),CONVERT(DATETIME, '2021-12-03 14:40:51.057', 121)),
(11066483,8,5,8,CONVERT(DATETIME, '2021-12-03 11:26:15.687', 121),CONVERT(DATETIME, '2021-12-03 11:28:45.460', 121)),
(11066493,8,5,8,CONVERT(DATETIME, '2021-12-03 11:26:39.130', 121),CONVERT(DATETIME, '2021-12-03 13:49:05.867', 121)),
(11066503,4,2,9,CONVERT(DATETIME, '2021-12-03 11:27:05.133', 121),CONVERT(DATETIME, '2021-12-07 17:26:13.230', 121)),
(11066513,781,0,8,CONVERT(DATETIME, '2021-12-03 11:28:55.913', 121),CONVERT(DATETIME, '2021-12-06 11:08:16.740', 121)),
(11066523,63,0,8,CONVERT(DATETIME, '2021-12-03 11:30:08.723', 121),CONVERT(DATETIME, '2021-12-06 16:12:47.803', 121)),
(11066533,8,5,8,CONVERT(DATETIME, '2021-12-03 11:33:51.710', 121),CONVERT(DATETIME, '2021-12-08 18:34:05.803', 121)),
(11066543,63,0,8,CONVERT(DATETIME, '2021-12-03 11:35:21.083', 121),CONVERT(DATETIME, '2021-12-03 13:26:46.927', 121)),
(11066553,8,5,8,CONVERT(DATETIME, '2021-12-03 11:39:16.900', 121),CONVERT(DATETIME, '2021-12-07 17:40:53.613', 121)),
(11066563,63,0,8,CONVERT(DATETIME, '2021-12-03 11:39:51.490', 121),CONVERT(DATETIME, '2021-12-03 17:36:27.863', 121)),
(11066573,8,5,8,CONVERT(DATETIME, '2021-12-03 11:40:15.650', 121),CONVERT(DATETIME, '2021-12-03 11:55:49.470', 121)),
(11066583,4,2,3,CONVERT(DATETIME, '2021-12-03 11:41:23.523', 121),NULL),
(11066593,63,0,8,CONVERT(DATETIME, '2021-12-03 11:45:21.630', 121),CONVERT(DATETIME, '2021-12-04 11:46:49.650', 121)),
(11066603,8,5,8,CONVERT(DATETIME, '2021-12-03 11:48:19.640', 121),CONVERT(DATETIME, '2021-12-03 14:08:12.890', 121)),
(11066613,8,5,8,CONVERT(DATETIME, '2021-12-03 11:50:11.080', 121),CONVERT(DATETIME, '2021-12-03 13:48:54.990', 121)),
(11066623,63,0,8,CONVERT(DATETIME, '2021-12-03 11:50:19.130', 121),CONVERT(DATETIME, '2021-12-07 16:46:12.857', 121)),
(11066633,4,2,9,CONVERT(DATETIME, '2021-12-03 11:50:21.023', 121),CONVERT(DATETIME, '2021-12-09 14:12:26.757', 121)),
(11066643,4,2,8,CONVERT(DATETIME, '2021-12-03 11:51:54.363', 121),CONVERT(DATETIME, '2021-12-07 09:04:56.520', 121)),
(11066653,4,2,8,CONVERT(DATETIME, '2021-12-03 11:53:28.633', 121),CONVERT(DATETIME, '2021-12-07 13:52:20.603', 121)),
(11066663,63,0,8,CONVERT(DATETIME, '2021-12-03 11:53:33.300', 121),CONVERT(DATETIME, '2021-12-03 12:00:28.923', 121)),
(11066673,781,0,9,CONVERT(DATETIME, '2021-12-03 11:56:54.233', 121),CONVERT(DATETIME, '2021-12-03 15:45:49.147', 121)),
(11066683,8,5,8,CONVERT(DATETIME, '2021-12-03 11:57:30.137', 121),CONVERT(DATETIME, '2021-12-03 16:37:08.363', 121)),
(11066693,8,5,8,CONVERT(DATETIME, '2021-12-03 11:57:51.687', 121),CONVERT(DATETIME, '2021-12-03 13:53:37.567', 121)),
(11066703,4,2,3,CONVERT(DATETIME, '2021-12-03 11:58:52.843', 121),NULL),
(11066713,36,0,8,CONVERT(DATETIME, '2021-12-03 12:00:20.183', 121),CONVERT(DATETIME, '2021-12-03 16:32:34.087', 121)),
(11066723,8,5,8,CONVERT(DATETIME, '2021-12-03 12:00:21.740', 121),CONVERT(DATETIME, '2021-12-03 15:48:34.833', 121)),
(11066753,8,5,8,CONVERT(DATETIME, '2021-12-03 12:02:05.540', 121),CONVERT(DATETIME, '2021-12-03 15:44:18.440', 121)),
(11066763,8,5,8,CONVERT(DATETIME, '2021-12-03 12:05:04.230', 121),CONVERT(DATETIME, '2021-12-06 09:33:25.960', 121)),
(11066773,210,0,8,CONVERT(DATETIME, '2021-12-03 12:08:55.823', 121),CONVERT(DATETIME, '2021-12-04 09:25:38.063', 121)),
(11066783,210,0,8,CONVERT(DATETIME, '2021-12-03 12:13:38.360', 121),CONVERT(DATETIME, '2021-12-04 09:26:11.200', 121)),
(11066793,4,2,8,CONVERT(DATETIME, '2021-12-03 12:17:42.573', 121),CONVERT(DATETIME, '2021-12-07 09:06:18.203', 121)),
(11066803,210,0,8,CONVERT(DATETIME, '2021-12-03 12:21:40.703', 121),CONVERT(DATETIME, '2021-12-04 09:26:39.870', 121)),
(11066813,781,0,8,CONVERT(DATETIME, '2021-12-03 12:37:15.957', 121),CONVERT(DATETIME, '2021-12-06 09:58:22.500', 121)),
(11066823,4,2,8,CONVERT(DATETIME, '2021-12-03 12:42:03.070', 121),CONVERT(DATETIME, '2021-12-03 15:52:47.250', 121)),
(11066833,63,0,8,CONVERT(DATETIME, '2021-12-03 13:03:12.833', 121),CONVERT(DATETIME, '2021-12-05 11:04:00.360', 121)),
(11066843,4,2,3,CONVERT(DATETIME, '2021-12-03 13:15:15.940', 121),NULL),
(11066853,63,0,8,CONVERT(DATETIME, '2021-12-03 13:15:22.447', 121),CONVERT(DATETIME, '2021-12-04 11:54:29.500', 121)),
(11066933,63,0,8,CONVERT(DATETIME, '2021-12-03 13:47:59.663', 121),CONVERT(DATETIME, '2021-12-04 17:04:32.970', 121)),
(11066943,8,5,8,CONVERT(DATETIME, '2021-12-03 13:50:14.933', 121),CONVERT(DATETIME, '2021-12-03 14:04:57.927', 121)),
(11066953,4,2,9,CONVERT(DATETIME, '2021-12-03 13:50:20.587', 121),CONVERT(DATETIME, '2021-12-04 10:14:51.167', 121)),
(11066963,4,2,9,CONVERT(DATETIME, '2021-12-03 13:55:15.633', 121),CONVERT(DATETIME, '2021-12-03 16:43:07.670', 121)),
(11066973,63,0,8,CONVERT(DATETIME, '2021-12-03 13:55:49.043', 121),CONVERT(DATETIME, '2021-12-03 14:36:02.530', 121)),
(11066983,57,0,8,CONVERT(DATETIME, '2021-12-03 13:57:49.227', 121),CONVERT(DATETIME, '2021-12-06 10:21:24.640', 121)),
(11066993,63,0,8,CONVERT(DATETIME, '2021-12-03 14:00:20.520', 121),CONVERT(DATETIME, '2021-12-09 16:08:05.863', 121)),
(11067003,63,0,8,CONVERT(DATETIME, '2021-12-03 14:00:20.617', 121),CONVERT(DATETIME, '2021-12-08 11:18:43.247', 121)),
(11067013,8,5,8,CONVERT(DATETIME, '2021-12-03 14:03:53.960', 121),CONVERT(DATETIME, '2021-12-03 14:19:15.317', 121)),
(11067023,4,2,9,CONVERT(DATETIME, '2021-12-03 14:05:06.120', 121),CONVERT(DATETIME, '2021-12-08 09:47:38.393', 121)),
(11067033,4,2,8,CONVERT(DATETIME, '2021-12-03 14:08:31.380', 121),CONVERT(DATETIME, '2021-12-03 15:46:08.180', 121)),
(11067043,4,2,8,CONVERT(DATETIME, '2021-12-03 14:09:16.630', 121),CONVERT(DATETIME, '2021-12-04 15:21:26.200', 121)),
(11067053,4,2,3,CONVERT(DATETIME, '2021-12-03 14:09:32.753', 121),NULL),
(11067063,63,0,8,CONVERT(DATETIME, '2021-12-03 14:10:14.977', 121),CONVERT(DATETIME, '2021-12-08 14:22:19.873', 121)),
(11067083,63,0,8,CONVERT(DATETIME, '2021-12-03 14:11:40.803', 121),CONVERT(DATETIME, '2021-12-03 17:34:59.003', 121)),
(11067093,63,0,8,CONVERT(DATETIME, '2021-12-03 14:12:06.020', 121),CONVERT(DATETIME, '2021-12-03 17:34:36.657', 121)),
(11067103,63,0,8,CONVERT(DATETIME, '2021-12-03 14:12:30.440', 121),CONVERT(DATETIME, '2021-12-03 17:34:13.023', 121)),
(11067113,8,5,8,CONVERT(DATETIME, '2021-12-03 14:13:08.087', 121),CONVERT(DATETIME, '2021-12-03 14:29:05.487', 121)),
(11067123,8,5,8,CONVERT(DATETIME, '2021-12-03 14:16:05.420', 121),CONVERT(DATETIME, '2021-12-05 09:19:29.067', 121)),
(11067133,63,0,8,CONVERT(DATETIME, '2021-12-03 14:21:10.947', 121),CONVERT(DATETIME, '2021-12-03 17:33:46.310', 121)),
(11067143,63,0,8,CONVERT(DATETIME, '2021-12-03 14:24:55.650', 121),CONVERT(DATETIME, '2021-12-06 14:37:05.147', 121)),
(11067163,210,0,8,CONVERT(DATETIME, '2021-12-03 14:27:14.003', 121),CONVERT(DATETIME, '2021-12-06 15:12:19.530', 121)),
(11067173,63,0,8,CONVERT(DATETIME, '2021-12-03 14:30:20.513', 121),CONVERT(DATETIME, '2021-12-03 20:13:41.127', 121)),
(11067193,36,0,8,CONVERT(DATETIME, '2021-12-03 14:31:33.610', 121),CONVERT(DATETIME, '2021-12-03 16:01:25.673', 121)),
(11069653,8,5,8,CONVERT(DATETIME, '2021-12-04 11:40:21.663', 121),CONVERT(DATETIME, '2021-12-06 10:35:53.960', 121)),
(11069663,8,5,8,CONVERT(DATETIME, '2021-12-04 11:40:25.797', 121),CONVERT(DATETIME, '2021-12-04 11:44:55.307', 121)),
(11069673,4,2,9,CONVERT(DATETIME, '2021-12-04 11:45:23.680', 121),CONVERT(DATETIME, '2021-12-07 15:08:24.350', 121)),
(11069683,4,2,8,CONVERT(DATETIME, '2021-12-04 11:47:38.653', 121),CONVERT(DATETIME, '2021-12-07 16:28:16.327', 121)),
(11069693,63,0,8,CONVERT(DATETIME, '2021-12-04 11:49:30.327', 121),CONVERT(DATETIME, '2021-12-08 17:00:06.900', 121)),
(11069703,63,0,8,CONVERT(DATETIME, '2021-12-04 11:50:17.747', 121),CONVERT(DATETIME, '2021-12-06 17:55:48.740', 121)),
(11069713,63,0,8,CONVERT(DATETIME, '2021-12-04 11:50:20.620', 121),CONVERT(DATETIME, '2021-12-04 17:33:00.603', 121)),
(11069723,63,0,3,CONVERT(DATETIME, '2021-12-04 11:51:49.917', 121),NULL),
(11069733,63,0,8,CONVERT(DATETIME, '2021-12-04 11:55:24.800', 121),CONVERT(DATETIME, '2021-12-08 16:30:20.470', 121)),
(11069743,63,0,8,CONVERT(DATETIME, '2021-12-04 12:00:23.553', 121),CONVERT(DATETIME, '2021-12-09 10:32:15.480', 121)),
(11069753,63,0,8,CONVERT(DATETIME, '2021-12-04 12:00:39.527', 121),CONVERT(DATETIME, '2021-12-04 15:56:29.150', 121)),
(11069773,210,0,8,CONVERT(DATETIME, '2021-12-04 12:04:57.697', 121),CONVERT(DATETIME, '2021-12-04 15:45:06.340', 121)),
(11069793,4,2,9,CONVERT(DATETIME, '2021-12-04 12:35:19.500', 121),CONVERT(DATETIME, '2021-12-06 17:36:51.117', 121)),
(11069803,4,2,3,CONVERT(DATETIME, '2021-12-04 12:55:20.807', 121),NULL),
(11069813,4,2,9,CONVERT(DATETIME, '2021-12-04 13:10:18.243', 121),CONVERT(DATETIME, '2021-12-07 15:07:08.030', 121)),
(11069823,4,2,9,CONVERT(DATETIME, '2021-12-04 13:10:23.740', 121),CONVERT(DATETIME, '2021-12-07 15:16:44.053', 121)),
(11069833,8,5,8,CONVERT(DATETIME, '2021-12-04 13:15:19.970', 121),CONVERT(DATETIME, '2021-12-04 16:31:20.210', 121)),
(11069843,781,0,9,CONVERT(DATETIME, '2021-12-04 13:17:15.000', 121),CONVERT(DATETIME, '2021-12-05 11:42:09.893', 121)),
(11069853,63,0,8,CONVERT(DATETIME, '2021-12-04 13:20:18.200', 121),CONVERT(DATETIME, '2021-12-09 10:52:04.050', 121)),
(11069863,8,5,8,CONVERT(DATETIME, '2021-12-04 13:40:18.387', 121),CONVERT(DATETIME, '2021-12-04 14:08:10.717', 121)),
(11069883,63,0,8,CONVERT(DATETIME, '2021-12-04 13:45:23.257', 121),CONVERT(DATETIME, '2021-12-04 17:20:29.553', 121)),
(11069893,8,5,8,CONVERT(DATETIME, '2021-12-04 13:50:18.467', 121),CONVERT(DATETIME, '2021-12-06 13:36:56.383', 121)),
(11069903,8,5,8,CONVERT(DATETIME, '2021-12-04 13:54:35.243', 121),CONVERT(DATETIME, '2021-12-04 13:56:26.707', 121)),
(11069913,63,0,8,CONVERT(DATETIME, '2021-12-04 14:02:04.387', 121),CONVERT(DATETIME, '2021-12-05 16:02:20.493', 121)),
(11069923,63,0,8,CONVERT(DATETIME, '2021-12-04 14:02:08.820', 121),CONVERT(DATETIME, '2021-12-06 16:52:08.610', 121)),
(11069933,8,5,8,CONVERT(DATETIME, '2021-12-04 14:04:47.313', 121),CONVERT(DATETIME, '2021-12-04 14:07:07.827', 121)),
(11069943,63,0,8,CONVERT(DATETIME, '2021-12-04 14:05:32.900', 121),CONVERT(DATETIME, '2021-12-04 18:01:44.683', 121)),
(11069953,4,2,3,CONVERT(DATETIME, '2021-12-04 14:09:47.143', 121),NULL),
(11069973,63,0,8,CONVERT(DATETIME, '2021-12-04 14:10:29.420', 121),CONVERT(DATETIME, '2021-12-04 18:05:05.517', 121)),
(11069983,8,5,8,CONVERT(DATETIME, '2021-12-04 14:11:11.293', 121),CONVERT(DATETIME, '2021-12-04 14:28:02.923', 121)),
(11069993,63,0,8,CONVERT(DATETIME, '2021-12-04 14:13:53.900', 121),CONVERT(DATETIME, '2021-12-04 18:04:15.650', 121)),
(11070003,63,0,8,CONVERT(DATETIME, '2021-12-04 14:15:21.080', 121),CONVERT(DATETIME, '2021-12-06 11:57:52.160', 121)),
(11070013,63,0,8,CONVERT(DATETIME, '2021-12-04 14:15:22.437', 121),CONVERT(DATETIME, '2021-12-06 11:58:59.350', 121)),
(11070023,57,0,8,CONVERT(DATETIME, '2021-12-04 14:15:26.567', 121),CONVERT(DATETIME, '2021-12-06 18:42:56.933', 121)),
(11070043,8,5,8,CONVERT(DATETIME, '2021-12-04 14:19:05.887', 121),CONVERT(DATETIME, '2021-12-05 14:27:09.987', 121)),
(11070053,8,5,8,CONVERT(DATETIME, '2021-12-04 14:28:42.887', 121),CONVERT(DATETIME, '2021-12-04 14:33:03.253', 121)),
(11070073,63,0,8,CONVERT(DATETIME, '2021-12-04 14:30:56.833', 121),CONVERT(DATETIME, '2021-12-04 18:00:53.823', 121)),
(11070083,4,2,8,CONVERT(DATETIME, '2021-12-04 14:33:17.220', 121),CONVERT(DATETIME, '2021-12-10 14:08:16.530', 121)),
(11070093,8,5,8,CONVERT(DATETIME, '2021-12-04 14:33:25.967', 121),CONVERT(DATETIME, '2021-12-06 14:22:29.723', 121)),
(11070103,63,0,8,CONVERT(DATETIME, '2021-12-04 14:35:18.243', 121),CONVERT(DATETIME, '2021-12-06 11:45:55.143', 121)),
(11070113,8,5,8,CONVERT(DATETIME, '2021-12-04 14:41:39.417', 121),CONVERT(DATETIME, '2021-12-04 15:01:55.810', 121)),
(11070123,8,5,8,CONVERT(DATETIME, '2021-12-04 14:45:18.170', 121),CONVERT(DATETIME, '2021-12-06 17:02:34.940', 121)),
(11070133,8,5,8,CONVERT(DATETIME, '2021-12-04 14:47:07.743', 121),CONVERT(DATETIME, '2021-12-04 17:16:57.503', 121)),
(11070143,8,5,8,CONVERT(DATETIME, '2021-12-04 14:49:26.467', 121),CONVERT(DATETIME, '2021-12-06 08:11:57.157', 121)),
(11070153,8,5,8,CONVERT(DATETIME, '2021-12-04 14:53:18.533', 121),CONVERT(DATETIME, '2021-12-04 14:54:48.613', 121)),
(11070163,8,5,8,CONVERT(DATETIME, '2021-12-04 14:58:13.877', 121),CONVERT(DATETIME, '2021-12-10 13:58:26.450', 121)),
(11070173,4,2,8,CONVERT(DATETIME, '2021-12-04 15:01:22.353', 121),CONVERT(DATETIME, '2021-12-06 19:09:25.703', 121)),
(11070183,63,0,8,CONVERT(DATETIME, '2021-12-04 15:04:40.167', 121),CONVERT(DATETIME, '2021-12-04 17:33:24.033', 121)),
(11070193,4,2,8,CONVERT(DATETIME, '2021-12-04 15:05:18.497', 121),CONVERT(DATETIME, '2021-12-06 15:51:15.640', 121)),
(11070203,63,0,8,CONVERT(DATETIME, '2021-12-04 15:05:24.733', 121),CONVERT(DATETIME, '2021-12-06 14:55:11.037', 121)),
(11070213,57,0,8,CONVERT(DATETIME, '2021-12-04 15:09:01.407', 121),CONVERT(DATETIME, '2021-12-08 11:22:00.670', 121)),
(11070223,210,0,8,CONVERT(DATETIME, '2021-12-04 15:10:00.530', 121),CONVERT(DATETIME, '2021-12-06 09:34:22.007', 121)),
(11070293,8,5,8,CONVERT(DATETIME, '2021-12-04 15:24:50.910', 121),CONVERT(DATETIME, '2021-12-04 16:05:11.483', 121)),
(11070303,8,5,8,CONVERT(DATETIME, '2021-12-04 15:27:30.423', 121),CONVERT(DATETIME, '2021-12-04 15:29:13.243', 121)),
(11070313,4,2,8,CONVERT(DATETIME, '2021-12-04 15:28:32.483', 121),CONVERT(DATETIME, '2021-12-06 19:18:24.513', 121)),
(11070333,57,0,8,CONVERT(DATETIME, '2021-12-04 15:39:48.707', 121),CONVERT(DATETIME, '2021-12-07 07:52:54.397', 121)),
(11070343,4,2,8,CONVERT(DATETIME, '2021-12-04 15:42:13.080', 121),CONVERT(DATETIME, '2021-12-06 19:22:24.827', 121)),
(11070353,8,5,8,CONVERT(DATETIME, '2021-12-04 15:46:31.570', 121),CONVERT(DATETIME, '2021-12-16 17:27:56.440', 121)),
(11061753,63,0,8,CONVERT(DATETIME, '2021-12-01 20:28:06.313', 121),CONVERT(DATETIME, '2021-12-02 13:31:55.383', 121)),
(11061763,781,0,8,CONVERT(DATETIME, '2021-12-01 20:55:51.813', 121),CONVERT(DATETIME, '2021-12-03 10:18:57.270', 121)),
(11061773,8,3,8,CONVERT(DATETIME, '2021-12-02 07:45:10.777', 121),CONVERT(DATETIME, '2021-12-03 11:47:53.987', 121)),
(11061783,63,0,8,CONVERT(DATETIME, '2021-12-02 08:12:43.537', 121),CONVERT(DATETIME, '2021-12-02 16:11:55.403', 121)),
(11061793,63,0,8,CONVERT(DATETIME, '2021-12-02 08:16:35.997', 121),CONVERT(DATETIME, '2021-12-02 10:28:20.633', 121)),
(11061803,210,0,8,CONVERT(DATETIME, '2021-12-02 08:16:58.050', 121),CONVERT(DATETIME, '2021-12-02 09:37:27.350', 121)),
(11061823,36,0,8,CONVERT(DATETIME, '2021-12-02 08:25:42.387', 121),CONVERT(DATETIME, '2021-12-02 10:16:39.310', 121)),
(11062143,8,5,8,CONVERT(DATETIME, '2021-12-02 09:35:27.287', 121),CONVERT(DATETIME, '2021-12-02 10:31:13.147', 121)),
(11062153,8,5,8,CONVERT(DATETIME, '2021-12-02 09:36:08.913', 121),CONVERT(DATETIME, '2021-12-02 10:31:46.847', 121)),
(11062163,8,5,8,CONVERT(DATETIME, '2021-12-02 09:36:46.847', 121),CONVERT(DATETIME, '2021-12-02 10:32:56.993', 121)),
(11062173,63,0,8,CONVERT(DATETIME, '2021-12-02 09:38:52.203', 121),CONVERT(DATETIME, '2021-12-02 09:40:35.933', 121)),
(11062183,63,0,8,CONVERT(DATETIME, '2021-12-02 09:39:39.647', 121),CONVERT(DATETIME, '2021-12-02 09:40:37.390', 121)),
(11062253,63,0,8,CONVERT(DATETIME, '2021-12-02 09:45:11.850', 121),CONVERT(DATETIME, '2021-12-02 11:04:34.370', 121)),
(11062263,4,2,9,CONVERT(DATETIME, '2021-12-02 09:45:13.267', 121),CONVERT(DATETIME, '2021-12-03 13:48:02.327', 121)),
(11062273,4,2,8,CONVERT(DATETIME, '2021-12-02 09:48:52.487', 121),CONVERT(DATETIME, '2021-12-11 18:10:13.777', 121)),
(11062283,4,2,8,CONVERT(DATETIME, '2021-12-02 09:49:27.353', 121),CONVERT(DATETIME, '2021-12-08 18:56:46.057', 121)),
(11062293,210,0,8,CONVERT(DATETIME, '2021-12-02 09:49:56.710', 121),CONVERT(DATETIME, '2021-12-03 15:41:53.847', 121)),
(11062303,4,2,9,CONVERT(DATETIME, '2021-12-02 09:50:11.540', 121),CONVERT(DATETIME, '2021-12-03 13:49:09.330', 121)),
(11062313,4,2,8,CONVERT(DATETIME, '2021-12-02 09:50:24.677', 121),CONVERT(DATETIME, '2021-12-08 18:55:40.470', 121)),
(11062323,210,0,8,CONVERT(DATETIME, '2021-12-02 09:50:50.080', 121),CONVERT(DATETIME, '2021-12-02 15:56:05.277', 121)),
(11062673,8,5,8,CONVERT(DATETIME, '2021-12-02 10:25:06.990', 121),CONVERT(DATETIME, '2021-12-03 17:25:27.020', 121)),
(11062683,63,0,8,CONVERT(DATETIME, '2021-12-02 10:25:57.803', 121),CONVERT(DATETIME, '2021-12-02 11:00:39.520', 121)),
(11062693,63,0,8,CONVERT(DATETIME, '2021-12-02 10:28:06.450', 121),CONVERT(DATETIME, '2021-12-02 18:13:55.133', 121)),
(11062703,4,2,8,CONVERT(DATETIME, '2021-12-02 10:35:11.463', 121),CONVERT(DATETIME, '2021-12-04 17:44:54.523', 121)),
(11063373,210,0,8,CONVERT(DATETIME, '2021-12-02 12:57:48.290', 121),CONVERT(DATETIME, '2021-12-03 08:35:32.437', 121)),
(11063383,781,0,9,CONVERT(DATETIME, '2021-12-02 13:10:53.803', 121),CONVERT(DATETIME, '2021-12-02 13:55:43.360', 121)),
(11063393,781,0,8,CONVERT(DATETIME, '2021-12-02 13:23:47.500', 121),CONVERT(DATETIME, '2021-12-02 16:21:54.930', 121)),
(11063403,781,0,8,CONVERT(DATETIME, '2021-12-02 13:27:16.800', 121),CONVERT(DATETIME, '2021-12-06 09:54:15.657', 121)),
(11063413,4,2,3,CONVERT(DATETIME, '2021-12-02 13:30:11.813', 121),NULL),
(11063423,4,2,9,CONVERT(DATETIME, '2021-12-02 13:30:17.190', 121),CONVERT(DATETIME, '2021-12-03 10:32:15.177', 121)),
(11063503,63,0,8,CONVERT(DATETIME, '2021-12-02 13:46:20.620', 121),CONVERT(DATETIME, '2021-12-02 14:07:49.927', 121)),
(11063513,63,0,8,CONVERT(DATETIME, '2021-12-02 13:47:12.087', 121),CONVERT(DATETIME, '2021-12-03 15:48:33.930', 121)),
(11063523,63,0,8,CONVERT(DATETIME, '2021-12-02 13:48:07.450', 121),CONVERT(DATETIME, '2021-12-03 17:07:49.833', 121)),
(11063533,63,0,8,CONVERT(DATETIME, '2021-12-02 13:50:11.807', 121),CONVERT(DATETIME, '2021-12-03 15:38:12.833', 121)),
(11063543,63,0,8,CONVERT(DATETIME, '2021-12-02 13:50:13.733', 121),CONVERT(DATETIME, '2021-12-03 18:09:03.743', 121)),
(11063713,63,0,8,CONVERT(DATETIME, '2021-12-02 14:28:08.910', 121),CONVERT(DATETIME, '2021-12-02 15:03:21.577', 121)),
(11063733,4,2,8,CONVERT(DATETIME, '2021-12-02 14:30:22.570', 121),CONVERT(DATETIME, '2021-12-09 17:07:32.753', 121)),
(11063743,63,0,8,CONVERT(DATETIME, '2021-12-02 14:31:18.520', 121),CONVERT(DATETIME, '2021-12-02 14:47:12.137', 121)),
(11063753,8,5,8,CONVERT(DATETIME, '2021-12-02 14:32:00.457', 121),CONVERT(DATETIME, '2021-12-03 09:02:54.213', 121)),
(11065133,8,5,8,CONVERT(DATETIME, '2021-12-02 19:40:12.533', 121),CONVERT(DATETIME, '2021-12-03 07:46:17.260', 121)),
(11065143,8,5,8,CONVERT(DATETIME, '2021-12-02 20:07:04.230', 121),CONVERT(DATETIME, '2021-12-03 09:10:51.403', 121)),
(11065163,4,2,9,CONVERT(DATETIME, '2021-12-02 20:36:21.143', 121),CONVERT(DATETIME, '2021-12-03 14:41:14.527', 121)),
(11065713,63,0,8,CONVERT(DATETIME, '2021-12-03 09:30:25.750', 121),CONVERT(DATETIME, '2021-12-04 11:15:28.407', 121)),
(11065733,57,0,8,CONVERT(DATETIME, '2021-12-03 09:36:59.297', 121),CONVERT(DATETIME, '2021-12-06 11:05:15.503', 121)),
(11065743,63,0,8,CONVERT(DATETIME, '2021-12-03 09:40:04.767', 121),CONVERT(DATETIME, '2021-12-04 08:25:36.900', 121)),
(11065753,8,5,8,CONVERT(DATETIME, '2021-12-03 09:40:14.233', 121),CONVERT(DATETIME, '2021-12-05 09:58:29.987', 121)),
(11065763,63,0,8,CONVERT(DATETIME, '2021-12-03 09:40:16.270', 121),CONVERT(DATETIME, '2021-12-03 17:37:50.047', 121)),
(11065773,210,0,8,CONVERT(DATETIME, '2021-12-03 09:41:36.160', 121),CONVERT(DATETIME, '2021-12-07 08:46:56.680', 121)),
(11065783,210,0,8,CONVERT(DATETIME, '2021-12-03 09:41:41.120', 121),CONVERT(DATETIME, '2021-12-03 10:05:50.890', 121)),
(11065793,4,2,8,CONVERT(DATETIME, '2021-12-03 09:43:34.540', 121),CONVERT(DATETIME, '2021-12-04 16:21:35.110', 121)),
(11065803,36,0,8,CONVERT(DATETIME, '2021-12-03 09:44:23.517', 121),CONVERT(DATETIME, '2021-12-03 11:12:06.970', 121)),
(11065813,63,0,8,CONVERT(DATETIME, '2021-12-03 09:45:24.957', 121),CONVERT(DATETIME, '2021-12-06 09:04:07.560', 121)),
(11065843,63,0,8,CONVERT(DATETIME, '2021-12-03 09:46:09.660', 121),CONVERT(DATETIME, '2021-12-04 16:06:18.560', 121)),
(11065853,8,5,8,CONVERT(DATETIME, '2021-12-03 09:50:16.080', 121),CONVERT(DATETIME, '2021-12-03 15:21:30.000', 121)),
(11065863,4,2,8,CONVERT(DATETIME, '2021-12-03 09:55:14.453', 121),CONVERT(DATETIME, '2021-12-09 09:47:40.747', 121)),
(11065883,4,2,3,CONVERT(DATETIME, '2021-12-03 09:57:04.643', 121),NULL),
(11065893,8,5,8,CONVERT(DATETIME, '2021-12-03 09:58:12.850', 121),CONVERT(DATETIME, '2021-12-04 09:30:10.217', 121)),
(11065903,210,0,8,CONVERT(DATETIME, '2021-12-03 09:58:19.437', 121),CONVERT(DATETIME, '2021-12-03 14:08:03.620', 121)),
(11065913,36,0,8,CONVERT(DATETIME, '2021-12-03 09:58:43.360', 121),CONVERT(DATETIME, '2021-12-03 10:14:59.230', 121)),
(11065933,8,5,8,CONVERT(DATETIME, '2021-12-03 10:00:12.040', 121),CONVERT(DATETIME, '2021-12-03 14:14:48.983', 121)),
(11065943,4,2,8,CONVERT(DATETIME, '2021-12-03 10:00:14.360', 121),CONVERT(DATETIME, '2021-12-09 16:31:42.820', 121)),
(11065953,781,0,8,CONVERT(DATETIME, '2021-12-03 10:00:27.877', 121),CONVERT(DATETIME, '2021-12-04 09:58:44.747', 121)),
(11065963,8,5,8,CONVERT(DATETIME, '2021-12-03 10:05:25.370', 121),CONVERT(DATETIME, '2021-12-03 10:32:40.023', 121)),
(11065973,8,5,8,CONVERT(DATETIME, '2021-12-03 10:08:20.157', 121),CONVERT(DATETIME, '2021-12-04 09:19:53.093', 121)),
(11065983,63,0,8,CONVERT(DATETIME, '2021-12-03 10:10:14.700', 121),CONVERT(DATETIME, '2021-12-04 11:38:37.207', 121)),
(11065993,4,2,3,CONVERT(DATETIME, '2021-12-03 10:12:07.067', 121),NULL),
(11066003,4,2,8,CONVERT(DATETIME, '2021-12-03 10:12:10.510', 121),CONVERT(DATETIME, '2021-12-09 14:07:47.427', 121)),
(11066013,4,2,8,CONVERT(DATETIME, '2021-12-03 10:14:08.820', 121),CONVERT(DATETIME, '2021-12-07 18:09:02.883', 121)),
(11066033,4,2,8,CONVERT(DATETIME, '2021-12-03 10:17:14.083', 121),CONVERT(DATETIME, '2021-12-04 16:35:12.640', 121)),
(11066053,63,0,8,CONVERT(DATETIME, '2021-12-03 10:25:14.500', 121),CONVERT(DATETIME, '2021-12-04 11:32:36.513', 121)),
(11066063,4,2,8,CONVERT(DATETIME, '2021-12-03 10:29:21.063', 121),CONVERT(DATETIME, '2021-12-15 16:38:43.287', 121)),
(11066073,57,0,8,CONVERT(DATETIME, '2021-12-03 10:30:21.143', 121),CONVERT(DATETIME, '2021-12-04 09:39:29.497', 121)),
(11066083,8,5,8,CONVERT(DATETIME, '2021-12-03 10:30:43.527', 121),CONVERT(DATETIME, '2021-12-03 10:32:28.060', 121)),
(11066093,4,2,3,CONVERT(DATETIME, '2021-12-03 10:31:06.970', 121),NULL),
(11066103,4,2,8,CONVERT(DATETIME, '2021-12-03 10:32:02.640', 121),CONVERT(DATETIME, '2021-12-04 17:21:24.147', 121)),
(11066113,63,0,8,CONVERT(DATETIME, '2021-12-03 10:35:09.497', 121),CONVERT(DATETIME, '2021-12-06 13:38:59.683', 121)),
(11066123,63,0,8,CONVERT(DATETIME, '2021-12-03 10:35:15.543', 121),CONVERT(DATETIME, '2021-12-04 11:43:23.870', 121)),
(11066143,4,2,8,CONVERT(DATETIME, '2021-12-03 10:37:10.310', 121),CONVERT(DATETIME, '2021-12-04 17:26:57.333', 121)),
(11066153,210,0,8,CONVERT(DATETIME, '2021-12-03 10:37:17.063', 121),CONVERT(DATETIME, '2021-12-03 14:06:57.753', 121)),
(11066163,63,0,8,CONVERT(DATETIME, '2021-12-03 10:39:05.643', 121),CONVERT(DATETIME, '2021-12-03 17:38:58.713', 121)),
(11066173,63,0,8,CONVERT(DATETIME, '2021-12-03 10:39:32.640', 121),CONVERT(DATETIME, '2021-12-03 17:38:29.017', 121)),
(11066183,63,0,8,CONVERT(DATETIME, '2021-12-03 10:40:07.123', 121),CONVERT(DATETIME, '2021-12-03 17:38:04.890', 121)),
(11066193,63,0,8,CONVERT(DATETIME, '2021-12-03 10:40:15.463', 121),CONVERT(DATETIME, '2021-12-03 20:11:57.623', 121)),
(11066203,63,0,8,CONVERT(DATETIME, '2021-12-03 10:40:33.770', 121),CONVERT(DATETIME, '2021-12-03 17:37:40.400', 121)),
(11066213,8,5,8,CONVERT(DATETIME, '2021-12-03 10:41:21.343', 121),CONVERT(DATETIME, '2021-12-03 14:28:12.250', 121)),
(11066223,63,0,8,CONVERT(DATETIME, '2021-12-03 10:44:38.260', 121),CONVERT(DATETIME, '2021-12-03 17:37:17.563', 121)),
(11066233,210,0,8,CONVERT(DATETIME, '2021-12-03 10:47:59.410', 121),CONVERT(DATETIME, '2021-12-07 08:47:10.287', 121)),
(11066243,4,2,8,CONVERT(DATETIME, '2021-12-03 10:48:08.880', 121),CONVERT(DATETIME, '2021-12-04 16:51:03.307', 121)),
(11066253,63,0,8,CONVERT(DATETIME, '2021-12-03 10:50:17.367', 121),CONVERT(DATETIME, '2021-12-07 16:43:19.893', 121)),
(11066263,8,5,8,CONVERT(DATETIME, '2021-12-03 10:53:10.600', 121),CONVERT(DATETIME, '2021-12-09 10:05:37.903', 121)),
(11066273,63,0,8,CONVERT(DATETIME, '2021-12-03 10:54:58.980', 121),CONVERT(DATETIME, '2021-12-06 11:49:40.733', 121)),
(11066283,63,0,8,CONVERT(DATETIME, '2021-12-03 10:55:14.393', 121),CONVERT(DATETIME, '2021-12-03 19:35:54.733', 121)),
(11066293,4,2,8,CONVERT(DATETIME, '2021-12-03 11:00:14.487', 121),CONVERT(DATETIME, '2021-12-04 17:31:48.370', 121)),
(11066303,63,0,8,CONVERT(DATETIME, '2021-12-03 11:00:22.710', 121),CONVERT(DATETIME, '2021-12-03 20:24:12.833', 121)),
(11066313,8,5,8,CONVERT(DATETIME, '2021-12-03 11:00:55.060', 121),CONVERT(DATETIME, '2021-12-03 11:04:52.533', 121)),
(11066323,63,0,8,CONVERT(DATETIME, '2021-12-03 11:01:09.480', 121),CONVERT(DATETIME, '2021-12-03 17:36:54.027', 121)),
(11066333,36,0,8,CONVERT(DATETIME, '2021-12-03 11:04:27.460', 121),CONVERT(DATETIME, '2021-12-03 16:38:41.330', 121)),
(11066343,210,0,8,CONVERT(DATETIME, '2021-12-03 11:04:40.797', 121),CONVERT(DATETIME, '2021-12-04 17:36:43.967', 121)),
(11066353,57,0,8,CONVERT(DATETIME, '2021-12-03 11:05:15.087', 121),CONVERT(DATETIME, '2021-12-05 19:01:37.800', 121)),
(11066363,63,0,8,CONVERT(DATETIME, '2021-12-03 11:06:56.553', 121),CONVERT(DATETIME, '2021-12-04 17:30:21.107', 121)),
(11066373,4,2,8,CONVERT(DATETIME, '2021-12-03 11:08:28.990', 121),CONVERT(DATETIME, '2021-12-03 15:39:36.617', 121)),
(11066383,36,0,8,CONVERT(DATETIME, '2021-12-03 11:09:53.207', 121),CONVERT(DATETIME, '2021-12-03 11:12:13.820', 121)),
(11066393,8,5,3,CONVERT(DATETIME, '2021-12-03 11:10:06.317', 121),NULL),
(11066403,63,0,8,CONVERT(DATETIME, '2021-12-03 11:10:15.737', 121),CONVERT(DATETIME, '2021-12-08 11:04:30.643', 121)),
(11066413,63,0,8,CONVERT(DATETIME, '2021-12-03 11:15:14.710', 121),CONVERT(DATETIME, '2021-12-09 09:50:10.817', 121)),
(11066423,63,0,8,CONVERT(DATETIME, '2021-12-03 11:15:27.077', 121),CONVERT(DATETIME, '2021-12-04 17:30:52.703', 121)),
(11068923,63,0,8,CONVERT(DATETIME, '2021-12-04 09:30:22.873', 121),CONVERT(DATETIME, '2021-12-06 11:57:15.527', 121)),
(11068933,63,0,8,CONVERT(DATETIME, '2021-12-04 09:35:22.833', 121),CONVERT(DATETIME, '2021-12-06 09:24:44.180', 121)),
(11068943,8,5,8,CONVERT(DATETIME, '2021-12-04 09:40:17.997', 121),CONVERT(DATETIME, '2021-12-04 10:57:15.767', 121)),
(11068953,63,0,9,CONVERT(DATETIME, '2021-12-04 09:40:28.160', 121),CONVERT(DATETIME, '2021-12-06 15:28:54.973', 121)),
(11068963,36,0,8,CONVERT(DATETIME, '2021-12-04 09:42:56.797', 121),CONVERT(DATETIME, '2021-12-04 09:51:30.517', 121)),
(11068973,210,0,8,CONVERT(DATETIME, '2021-12-04 09:48:57.990', 121),CONVERT(DATETIME, '2021-12-08 17:07:41.407', 121)),
(11068983,8,5,8,CONVERT(DATETIME, '2021-12-04 09:50:17.843', 121),CONVERT(DATETIME, '2021-12-04 10:22:12.690', 121)),
(11068993,63,0,8,CONVERT(DATETIME, '2021-12-04 09:50:24.010', 121),CONVERT(DATETIME, '2021-12-07 17:07:28.037', 121)),
(11069003,63,0,8,CONVERT(DATETIME, '2021-12-04 09:50:52.270', 121),CONVERT(DATETIME, '2021-12-06 16:20:43.090', 121)),
(11069013,63,0,8,CONVERT(DATETIME, '2021-12-04 09:51:15.927', 121),CONVERT(DATETIME, '2021-12-06 16:21:05.330', 121)),
(11069033,8,14,8,CONVERT(DATETIME, '2021-12-04 09:55:19.450', 121),CONVERT(DATETIME, '2021-12-09 09:20:41.580', 121)),
(11069043,210,0,8,CONVERT(DATETIME, '2021-12-04 10:01:01.557', 121),CONVERT(DATETIME, '2021-12-04 11:02:44.240', 121)),
(11069053,8,5,8,CONVERT(DATETIME, '2021-12-04 10:04:57.920', 121),CONVERT(DATETIME, '2021-12-04 11:29:33.750', 121)),
(11069063,8,5,8,CONVERT(DATETIME, '2021-12-04 10:05:19.643', 121),CONVERT(DATETIME, '2021-12-06 17:50:26.917', 121)),
(11069073,63,0,8,CONVERT(DATETIME, '2021-12-04 10:05:24.947', 121),CONVERT(DATETIME, '2021-12-08 11:50:33.087', 121)),
(11069083,8,5,8,CONVERT(DATETIME, '2021-12-04 10:07:18.150', 121),CONVERT(DATETIME, '2021-12-04 14:23:05.690', 121)),
(11069093,4,2,9,CONVERT(DATETIME, '2021-12-04 10:10:23.257', 121),CONVERT(DATETIME, '2021-12-06 15:14:14.793', 121)),
(11069103,8,5,8,CONVERT(DATETIME, '2021-12-04 10:12:12.827', 121),CONVERT(DATETIME, '2021-12-04 14:26:21.797', 121)),
(11069113,63,0,8,CONVERT(DATETIME, '2021-12-04 10:13:17.370', 121),CONVERT(DATETIME, '2021-12-06 14:51:34.073', 121)),
(11069123,63,0,8,CONVERT(DATETIME, '2021-12-04 10:15:19.710', 121),CONVERT(DATETIME, '2021-12-08 13:47:56.753', 121)),
(11069133,4,2,8,CONVERT(DATETIME, '2021-12-04 10:16:16.530', 121),CONVERT(DATETIME, '2021-12-06 19:08:20.620', 121)),
(11069143,781,0,8,CONVERT(DATETIME, '2021-12-04 10:16:54.633', 121),CONVERT(DATETIME, '2021-12-04 15:01:21.663', 121)),
(11069153,63,0,8,CONVERT(DATETIME, '2021-12-04 10:20:06.280', 121),CONVERT(DATETIME, '2021-12-11 11:46:03.920', 121)),
(11069163,8,5,8,CONVERT(DATETIME, '2021-12-04 10:21:42.150', 121),CONVERT(DATETIME, '2021-12-04 10:22:32.270', 121)),
(11069173,8,5,8,CONVERT(DATETIME, '2021-12-04 10:24:37.933', 121),CONVERT(DATETIME, '2021-12-04 11:24:46.847', 121)),
(11069183,8,12,8,CONVERT(DATETIME, '2021-12-04 10:25:17.287', 121),CONVERT(DATETIME, '2021-12-06 14:09:12.047', 121)),
(11069193,8,5,8,CONVERT(DATETIME, '2021-12-04 10:28:30.513', 121),CONVERT(DATETIME, '2021-12-06 07:23:45.590', 121)),
(11069203,57,0,8,CONVERT(DATETIME, '2021-12-04 10:28:38.180', 121),CONVERT(DATETIME, '2021-12-05 17:31:13.663', 121)),
(11069213,8,5,8,CONVERT(DATETIME, '2021-12-04 10:28:56.533', 121),CONVERT(DATETIME, '2021-12-04 11:21:53.827', 121)),
(11069223,4,2,9,CONVERT(DATETIME, '2021-12-04 10:35:26.000', 121),CONVERT(DATETIME, '2021-12-06 17:58:17.590', 121)),
(11069233,4,2,8,CONVERT(DATETIME, '2021-12-04 10:35:29.293', 121),CONVERT(DATETIME, '2021-12-06 17:31:43.077', 121)),
(11069243,63,0,8,CONVERT(DATETIME, '2021-12-04 10:36:17.933', 121),CONVERT(DATETIME, '2021-12-06 10:26:29.850', 121)),
(11069253,63,0,8,CONVERT(DATETIME, '2021-12-04 10:37:28.920', 121),CONVERT(DATETIME, '2021-12-04 11:53:16.290', 121)),
(11069263,4,2,9,CONVERT(DATETIME, '2021-12-04 10:40:17.473', 121),CONVERT(DATETIME, '2021-12-07 15:15:48.170', 121)),
(11069273,4,2,8,CONVERT(DATETIME, '2021-12-04 10:40:21.393', 121),CONVERT(DATETIME, '2021-12-07 15:14:29.897', 121)),
(11069283,210,0,8,CONVERT(DATETIME, '2021-12-04 10:41:40.193', 121),CONVERT(DATETIME, '2021-12-04 15:43:44.770', 121)),
(11069353,63,0,8,CONVERT(DATETIME, '2021-12-04 10:52:58.843', 121),CONVERT(DATETIME, '2021-12-14 15:39:03.357', 121)),
(11069363,4,2,8,CONVERT(DATETIME, '2021-12-04 10:55:25.623', 121),CONVERT(DATETIME, '2021-12-06 15:19:36.950', 121)),
(11069373,4,2,8,CONVERT(DATETIME, '2021-12-04 10:57:29.420', 121),CONVERT(DATETIME, '2021-12-07 17:55:51.040', 121)),
(11069393,8,5,8,CONVERT(DATETIME, '2021-12-04 11:05:20.567', 121),CONVERT(DATETIME, '2021-12-04 11:15:20.097', 121)),
(11069403,781,0,8,CONVERT(DATETIME, '2021-12-04 11:05:51.917', 121),CONVERT(DATETIME, '2021-12-04 14:53:38.370', 121)),
(11069413,210,0,8,CONVERT(DATETIME, '2021-12-04 11:08:36.023', 121),CONVERT(DATETIME, '2021-12-09 08:34:20.083', 121)),
(11069423,8,5,8,CONVERT(DATETIME, '2021-12-04 11:09:46.573', 121),CONVERT(DATETIME, '2021-12-04 11:17:28.953', 121)),
(11069433,781,0,8,CONVERT(DATETIME, '2021-12-04 11:10:29.000', 121),CONVERT(DATETIME, '2021-12-05 10:07:53.330', 121)),
(11069443,63,0,8,CONVERT(DATETIME, '2021-12-04 11:10:31.870', 121),CONVERT(DATETIME, '2021-12-07 16:19:21.137', 121)),
(11069453,781,0,8,CONVERT(DATETIME, '2021-12-04 11:14:14.337', 121),CONVERT(DATETIME, '2021-12-06 08:13:10.263', 121)),
(11069463,63,0,8,CONVERT(DATETIME, '2021-12-04 11:15:18.380', 121),CONVERT(DATETIME, '2021-12-06 09:28:39.657', 121)),
(11069473,8,5,8,CONVERT(DATETIME, '2021-12-04 11:15:26.793', 121),CONVERT(DATETIME, '2021-12-04 11:56:26.720', 121)),
(11069483,63,0,8,CONVERT(DATETIME, '2021-12-04 11:16:52.043', 121),CONVERT(DATETIME, '2021-12-04 16:19:05.920', 121)),
(11069493,57,0,8,CONVERT(DATETIME, '2021-12-04 11:18:14.720', 121),CONVERT(DATETIME, '2021-12-07 14:32:11.017', 121)),
(11069523,4,2,3,CONVERT(DATETIME, '2021-12-04 11:20:48.250', 121),NULL),
(11069533,63,0,8,CONVERT(DATETIME, '2021-12-04 11:27:59.073', 121),CONVERT(DATETIME, '2021-12-06 16:22:14.867', 121)),
(11069553,63,0,8,CONVERT(DATETIME, '2021-12-04 11:30:15.077', 121),CONVERT(DATETIME, '2021-12-06 16:22:58.850', 121)),
(11069563,63,0,8,CONVERT(DATETIME, '2021-12-04 11:30:53.120', 121),CONVERT(DATETIME, '2021-12-06 16:23:21.410', 121)),
(11069573,63,0,8,CONVERT(DATETIME, '2021-12-04 11:31:39.030', 121),CONVERT(DATETIME, '2021-12-06 16:23:42.913', 121)),
(11069583,57,0,8,CONVERT(DATETIME, '2021-12-04 11:32:14.023', 121),CONVERT(DATETIME, '2021-12-06 10:15:24.300', 121)),
(11069593,57,0,8,CONVERT(DATETIME, '2021-12-04 11:32:33.243', 121),CONVERT(DATETIME, '2021-12-05 23:40:25.820', 121)),
(11059683,63,0,8,CONVERT(DATETIME, '2021-12-01 08:31:35.500', 121),CONVERT(DATETIME, '2021-12-01 11:49:08.983', 121)),
(11059693,57,0,8,CONVERT(DATETIME, '2021-12-01 08:32:28.880', 121),CONVERT(DATETIME, '2021-12-01 17:53:24.153', 121)),
(11059703,4,2,8,CONVERT(DATETIME, '2021-12-01 08:47:56.907', 121),CONVERT(DATETIME, '2021-12-02 17:13:12.783', 121)),
(11059713,63,0,8,CONVERT(DATETIME, '2021-12-01 08:48:44.573', 121),CONVERT(DATETIME, '2021-12-01 10:22:49.090', 121)),
(11059723,63,0,8,CONVERT(DATETIME, '2021-12-01 08:49:26.347', 121),CONVERT(DATETIME, '2021-12-01 14:38:48.480', 121)),
(11059733,63,0,8,CONVERT(DATETIME, '2021-12-01 08:50:36.500', 121),CONVERT(DATETIME, '2021-12-01 14:37:50.323', 121)),
(11059743,210,0,8,CONVERT(DATETIME, '2021-12-01 08:50:48.640', 121),CONVERT(DATETIME, '2021-12-01 14:19:40.243', 121)),
(11059753,4,2,8,CONVERT(DATETIME, '2021-12-01 09:03:53.323', 121),CONVERT(DATETIME, '2021-12-02 10:50:16.337', 121)),
(11059763,63,0,8,CONVERT(DATETIME, '2021-12-01 09:07:22.370', 121),CONVERT(DATETIME, '2021-12-02 10:27:24.260', 121)),
(11059773,63,0,8,CONVERT(DATETIME, '2021-12-01 09:10:44.790', 121),CONVERT(DATETIME, '2021-12-01 11:49:24.153', 121)),
(11059783,63,0,8,CONVERT(DATETIME, '2021-12-01 09:13:06.623', 121),CONVERT(DATETIME, '2021-12-02 16:08:15.170', 121)),
(11059793,63,0,8,CONVERT(DATETIME, '2021-12-01 09:17:01.230', 121),CONVERT(DATETIME, '2021-12-02 15:20:40.157', 121)),
(11059803,4,2,9,CONVERT(DATETIME, '2021-12-01 09:19:15.313', 121),CONVERT(DATETIME, '2021-12-02 17:52:02.833', 121)),
(11059813,4,2,9,CONVERT(DATETIME, '2021-12-01 09:29:57.420', 121),CONVERT(DATETIME, '2021-12-02 18:12:31.140', 121)),
(11059823,63,0,8,CONVERT(DATETIME, '2021-12-01 09:30:07.607', 121),CONVERT(DATETIME, '2021-12-02 13:35:14.410', 121)),
(11060543,8,5,8,CONVERT(DATETIME, '2021-12-01 11:40:16.240', 121),CONVERT(DATETIME, '2021-12-02 09:46:00.673', 121)),
(11060553,4,2,8,CONVERT(DATETIME, '2021-12-01 11:50:07.877', 121),CONVERT(DATETIME, '2021-12-03 14:13:36.847', 121)),
(11060563,4,2,9,CONVERT(DATETIME, '2021-12-01 11:55:07.987', 121),CONVERT(DATETIME, '2021-12-02 10:56:13.920', 121)),
(11060573,8,5,8,CONVERT(DATETIME, '2021-12-01 11:55:08.327', 121),CONVERT(DATETIME, '2021-12-02 16:07:38.277', 121)),
(11060583,8,5,8,CONVERT(DATETIME, '2021-12-01 11:55:11.560', 121),CONVERT(DATETIME, '2021-12-03 11:26:06.510', 121)),
(11060593,4,2,8,CONVERT(DATETIME, '2021-12-01 11:59:37.313', 121),CONVERT(DATETIME, '2021-12-11 16:56:15.593', 121)),
(11060603,4,2,9,CONVERT(DATETIME, '2021-12-01 12:00:07.950', 121),CONVERT(DATETIME, '2021-12-02 15:27:33.520', 121)),
(11060613,4,2,9,CONVERT(DATETIME, '2021-12-01 12:00:12.690', 121),CONVERT(DATETIME, '2021-12-02 16:59:02.207', 121)),
(11060623,4,2,8,CONVERT(DATETIME, '2021-12-01 12:05:10.550', 121),CONVERT(DATETIME, '2021-12-01 14:26:54.973', 121)),
(11061543,8,5,8,CONVERT(DATETIME, '2021-12-01 17:19:57.147', 121),CONVERT(DATETIME, '2021-12-02 10:16:22.333', 121)),
(11061553,4,2,8,CONVERT(DATETIME, '2021-12-01 17:22:58.360', 121),CONVERT(DATETIME, '2021-12-02 18:42:55.703', 121)),
(11061593,8,5,8,CONVERT(DATETIME, '2021-12-01 17:47:54.797', 121),CONVERT(DATETIME, '2021-12-04 10:48:49.470', 121)),
(11061603,8,5,8,CONVERT(DATETIME, '2021-12-01 17:50:13.290', 121),CONVERT(DATETIME, '2021-12-03 15:32:33.627', 121)),
(11061613,4,2,3,CONVERT(DATETIME, '2021-12-01 18:00:08.727', 121),NULL),
(11064023,63,0,8,CONVERT(DATETIME, '2021-12-02 15:17:39.807', 121),CONVERT(DATETIME, '2021-12-04 09:46:27.830', 121)),
(11064033,210,0,8,CONVERT(DATETIME, '2021-12-02 15:19:32.457', 121),CONVERT(DATETIME, '2021-12-06 09:07:05.647', 121)),
(11064043,4,2,8,CONVERT(DATETIME, '2021-12-02 15:20:09.393', 121),CONVERT(DATETIME, '2021-12-14 18:38:48.897', 121)),
(11064053,63,0,8,CONVERT(DATETIME, '2021-12-02 15:21:04.843', 121),CONVERT(DATETIME, '2021-12-04 09:43:34.963', 121)),
(11064063,8,5,8,CONVERT(DATETIME, '2021-12-02 15:23:34.620', 121),CONVERT(DATETIME, '2021-12-02 16:19:17.230', 121)),
(11064073,4,2,8,CONVERT(DATETIME, '2021-12-02 15:24:06.530', 121),CONVERT(DATETIME, '2021-12-07 14:08:04.327', 121)),
(11064083,63,0,8,CONVERT(DATETIME, '2021-12-02 15:25:14.750', 121),CONVERT(DATETIME, '2021-12-04 09:49:15.650', 121)),
(11064093,8,5,8,CONVERT(DATETIME, '2021-12-02 15:26:41.417', 121),CONVERT(DATETIME, '2021-12-02 16:09:38.790', 121)),
(11064103,63,0,8,CONVERT(DATETIME, '2021-12-02 15:29:05.820', 121),CONVERT(DATETIME, '2021-12-04 14:36:56.507', 121)),
(11064113,8,5,8,CONVERT(DATETIME, '2021-12-02 15:31:05.467', 121),CONVERT(DATETIME, '2021-12-05 10:26:42.330', 121)),
(11059943,36,0,8,CONVERT(DATETIME, '2021-12-01 09:51:07.333', 121),CONVERT(DATETIME, '2021-12-02 15:35:24.010', 121)),
(11059953,8,5,8,CONVERT(DATETIME, '2021-12-01 09:52:01.550', 121),CONVERT(DATETIME, '2021-12-01 17:07:07.693', 121)),
(11059973,63,0,8,CONVERT(DATETIME, '2021-12-01 09:55:17.650', 121),CONVERT(DATETIME, '2021-12-03 14:02:46.793', 121)),
(11059983,63,0,8,CONVERT(DATETIME, '2021-12-01 09:59:03.900', 121),CONVERT(DATETIME, '2021-12-01 15:58:10.197', 121)),
(11059993,63,0,8,CONVERT(DATETIME, '2021-12-01 10:00:01.300', 121),CONVERT(DATETIME, '2021-12-01 14:37:28.967', 121)),
(11060003,63,0,8,CONVERT(DATETIME, '2021-12-01 10:00:09.023', 121),CONVERT(DATETIME, '2021-12-01 18:16:01.590', 121)),
(11060013,63,0,8,CONVERT(DATETIME, '2021-12-01 10:00:14.290', 121),CONVERT(DATETIME, '2021-12-03 14:07:26.477', 121)),
(11060023,63,0,8,CONVERT(DATETIME, '2021-12-01 10:00:15.137', 121),CONVERT(DATETIME, '2021-12-02 10:28:38.673', 121)),
(11060033,4,2,9,CONVERT(DATETIME, '2021-12-01 10:01:04.140', 121),CONVERT(DATETIME, '2021-12-03 15:47:29.333', 121)),
(11059633,210,0,8,CONVERT(DATETIME, '2021-12-01 08:00:43.067', 121),CONVERT(DATETIME, '2021-12-01 17:30:56.527', 121)),
(11059643,210,0,8,CONVERT(DATETIME, '2021-12-01 08:06:15.870', 121),CONVERT(DATETIME, '2021-12-02 07:35:00.870', 121)),
(11059663,63,0,8,CONVERT(DATETIME, '2021-12-01 08:11:34.050', 121),CONVERT(DATETIME, '2021-12-01 11:48:49.183', 121)),
(11059673,63,0,8,CONVERT(DATETIME, '2021-12-01 08:12:58.380', 121),CONVERT(DATETIME, '2021-12-02 10:27:01.733', 121)),
(11060043,4,2,8,CONVERT(DATETIME, '2021-12-01 10:02:04.473', 121),CONVERT(DATETIME, '2021-12-07 15:56:43.573', 121)),
(11060053,4,2,8,CONVERT(DATETIME, '2021-12-01 10:05:07.623', 121),CONVERT(DATETIME, '2021-12-14 08:58:51.347', 121)),
(11060063,8,5,8,CONVERT(DATETIME, '2021-12-01 10:05:12.303', 121),CONVERT(DATETIME, '2021-12-02 09:35:38.127', 121)),
(11060083,8,1,8,CONVERT(DATETIME, '2021-12-01 10:05:22.447', 121),CONVERT(DATETIME, '2021-12-06 17:09:27.540', 121)),
(11060093,4,2,8,CONVERT(DATETIME, '2021-12-01 10:08:25.870', 121),CONVERT(DATETIME, '2021-12-14 18:15:45.980', 121)),
(11060173,63,0,8,CONVERT(DATETIME, '2021-12-01 10:30:12.717', 121),CONVERT(DATETIME, '2021-12-02 10:09:57.860', 121)),
(11060183,8,5,8,CONVERT(DATETIME, '2021-12-01 10:30:13.627', 121),CONVERT(DATETIME, '2021-12-03 08:23:04.607', 121)),
(11060193,4,2,8,CONVERT(DATETIME, '2021-12-01 10:30:38.857', 121),CONVERT(DATETIME, '2021-12-02 10:51:12.090', 121)),
(11060213,57,0,8,CONVERT(DATETIME, '2021-12-01 10:40:12.543', 121),CONVERT(DATETIME, '2021-12-03 17:45:52.713', 121)),
(11060223,4,2,3,CONVERT(DATETIME, '2021-12-01 10:41:05.490', 121),NULL),
(11060233,210,0,8,CONVERT(DATETIME, '2021-12-01 10:44:18.313', 121),CONVERT(DATETIME, '2021-12-01 17:31:52.187', 121)),
(11060243,210,0,8,CONVERT(DATETIME, '2021-12-01 10:44:56.227', 121),CONVERT(DATETIME, '2021-12-01 17:32:36.403', 121)),
(11060253,36,0,8,CONVERT(DATETIME, '2021-12-01 10:45:08.400', 121),CONVERT(DATETIME, '2021-12-02 17:54:51.963', 121)),
(11060263,63,0,8,CONVERT(DATETIME, '2021-12-01 10:45:32.017', 121),CONVERT(DATETIME, '2021-12-02 11:55:17.310', 121)),
(11060283,36,0,8,CONVERT(DATETIME, '2021-12-01 10:50:09.043', 121),CONVERT(DATETIME, '2021-12-01 11:11:10.740', 121)),
(11060293,8,5,8,CONVERT(DATETIME, '2021-12-01 10:50:33.310', 121),CONVERT(DATETIME, '2021-12-01 10:51:36.013', 121)),
(11060303,63,0,8,CONVERT(DATETIME, '2021-12-01 10:55:07.513', 121),CONVERT(DATETIME, '2021-12-01 15:58:29.337', 121)),
(11060313,8,5,8,CONVERT(DATETIME, '2021-12-01 10:57:30.747', 121),CONVERT(DATETIME, '2021-12-01 17:33:45.340', 121)),
(11060393,4,2,8,CONVERT(DATETIME, '2021-12-01 11:16:47.267', 121),CONVERT(DATETIME, '2021-12-02 17:18:20.333', 121)),
(11060403,36,0,8,CONVERT(DATETIME, '2021-12-01 11:17:03.190', 121),CONVERT(DATETIME, '2021-12-01 11:18:37.650', 121)),
(11060413,4,2,3,CONVERT(DATETIME, '2021-12-01 11:17:23.080', 121),NULL),
(11060423,63,0,8,CONVERT(DATETIME, '2021-12-01 11:20:08.757', 121),CONVERT(DATETIME, '2021-12-03 10:07:58.907', 121)),
(11060433,4,2,8,CONVERT(DATETIME, '2021-12-01 11:22:45.550', 121),CONVERT(DATETIME, '2021-12-16 08:17:50.130', 121)),
(11060443,4,2,3,CONVERT(DATETIME, '2021-12-01 11:24:14.317', 121),NULL),
(11060453,63,0,8,CONVERT(DATETIME, '2021-12-01 11:25:09.557', 121),CONVERT(DATETIME, '2021-12-02 15:17:45.207', 121)),
(11060473,8,5,8,CONVERT(DATETIME, '2021-12-01 11:26:11.520', 121),CONVERT(DATETIME, '2021-12-06 17:08:44.057', 121)),
(11060483,8,5,8,CONVERT(DATETIME, '2021-12-01 11:28:03.683', 121),CONVERT(DATETIME, '2021-12-03 11:21:45.190', 121)),
(11060493,63,0,8,CONVERT(DATETIME, '2021-12-01 11:30:13.787', 121),CONVERT(DATETIME, '2021-12-03 10:49:44.950', 121)),
(11060503,781,0,8,CONVERT(DATETIME, '2021-12-01 11:35:08.493', 121),CONVERT(DATETIME, '2021-12-01 16:12:54.920', 121)),
(11060513,8,5,8,CONVERT(DATETIME, '2021-12-01 11:37:41.127', 121),CONVERT(DATETIME, '2021-12-01 16:44:37.510', 121)),
(11060523,63,0,8,CONVERT(DATETIME, '2021-12-01 11:38:36.583', 121),CONVERT(DATETIME, '2021-12-01 14:37:06.493', 121)),
(11060633,8,5,8,CONVERT(DATETIME, '2021-12-01 12:05:14.323', 121),CONVERT(DATETIME, '2021-12-02 11:45:30.157', 121)),
(11060643,63,0,8,CONVERT(DATETIME, '2021-12-01 12:09:08.720', 121),CONVERT(DATETIME, '2021-12-01 12:10:16.007', 121)),
(11060653,8,5,8,CONVERT(DATETIME, '2021-12-01 12:28:37.530', 121),CONVERT(DATETIME, '2021-12-06 17:06:08.750', 121)),
(11060663,8,5,8,CONVERT(DATETIME, '2021-12-01 12:45:08.900', 121),CONVERT(DATETIME, '2021-12-01 16:36:00.453', 121)),
(11060673,210,0,8,CONVERT(DATETIME, '2021-12-01 13:10:08.380', 121),CONVERT(DATETIME, '2021-12-03 09:43:36.527', 121)),
(11060683,63,0,9,CONVERT(DATETIME, '2021-12-01 13:20:08.207', 121),CONVERT(DATETIME, '2021-12-02 18:11:38.570', 121)),
(11060693,63,0,8,CONVERT(DATETIME, '2021-12-01 13:33:37.487', 121),CONVERT(DATETIME, '2021-12-01 18:15:55.833', 121)),
(11060703,8,5,8,CONVERT(DATETIME, '2021-12-01 13:35:45.687', 121),CONVERT(DATETIME, '2021-12-01 15:23:41.680', 121)),
(11060713,8,5,8,CONVERT(DATETIME, '2021-12-01 13:39:56.610', 121),CONVERT(DATETIME, '2021-12-03 10:26:17.210', 121)),
(11060723,4,2,9,CONVERT(DATETIME, '2021-12-01 13:45:08.263', 121),CONVERT(DATETIME, '2021-12-02 14:35:45.840', 121)),
(11060733,8,5,8,CONVERT(DATETIME, '2021-12-01 13:46:19.683', 121),CONVERT(DATETIME, '2021-12-01 13:52:15.610', 121)),
(11060743,63,0,8,CONVERT(DATETIME, '2021-12-01 13:50:08.323', 121),CONVERT(DATETIME, '2021-12-03 11:00:39.503', 121)),
(11060753,63,0,8,CONVERT(DATETIME, '2021-12-01 13:51:42.763', 121),CONVERT(DATETIME, '2021-12-01 14:36:44.597', 121)),
(11060763,4,2,8,CONVERT(DATETIME, '2021-12-01 13:55:08.340', 121),CONVERT(DATETIME, '2021-12-09 09:52:04.383', 121)),
(11060773,8,5,8,CONVERT(DATETIME, '2021-12-01 13:55:08.430', 121),CONVERT(DATETIME, '2021-12-01 16:13:16.263', 121)),
(11060783,4,2,8,CONVERT(DATETIME, '2021-12-01 13:55:11.463', 121),CONVERT(DATETIME, '2021-12-08 18:53:01.863', 121)),
(11060793,63,0,8,CONVERT(DATETIME, '2021-12-01 13:58:05.680', 121),CONVERT(DATETIME, '2021-12-01 15:01:22.943', 121)),
(11060833,63,0,8,CONVERT(DATETIME, '2021-12-01 14:10:20.340', 121),CONVERT(DATETIME, '2021-12-01 14:36:23.047', 121)),
(11060843,210,0,8,CONVERT(DATETIME, '2021-12-01 14:13:41.580', 121),CONVERT(DATETIME, '2021-12-03 09:44:33.920', 121)),
(11060853,4,2,8,CONVERT(DATETIME, '2021-12-01 14:19:03.793', 121),CONVERT(DATETIME, '2021-12-09 10:19:02.043', 121)),
(11060863,63,0,8,CONVERT(DATETIME, '2021-12-01 14:20:13.950', 121),CONVERT(DATETIME, '2021-12-01 17:15:40.433', 121)),
(11060873,63,0,8,CONVERT(DATETIME, '2021-12-01 14:23:13.830', 121),CONVERT(DATETIME, '2021-12-01 17:16:03.230', 121)),
(11060883,4,2,8,CONVERT(DATETIME, '2021-12-01 14:23:56.907', 121),CONVERT(DATETIME, '2021-12-02 10:53:11.660', 121)),
(11060893,63,0,8,CONVERT(DATETIME, '2021-12-01 14:26:57.950', 121),CONVERT(DATETIME, '2021-12-05 13:52:54.883', 121)),
(11060963,63,0,8,CONVERT(DATETIME, '2021-12-01 14:51:13.037', 121),CONVERT(DATETIME, '2021-12-02 09:07:25.237', 121)),
(11060973,4,1,8,CONVERT(DATETIME, '2021-12-01 14:52:38.083', 121),CONVERT(DATETIME, '2021-12-02 16:27:08.510', 121)),
(11060983,57,0,8,CONVERT(DATETIME, '2021-12-01 14:53:35.257', 121),CONVERT(DATETIME, '2021-12-06 10:08:59.633', 121)),
(11061003,63,0,8,CONVERT(DATETIME, '2021-12-01 14:55:19.870', 121),CONVERT(DATETIME, '2021-12-01 15:44:54.300', 121)),
(11061013,63,0,8,CONVERT(DATETIME, '2021-12-01 14:56:17.680', 121),CONVERT(DATETIME, '2021-12-04 09:42:40.517', 121)),
(11061023,63,0,8,CONVERT(DATETIME, '2021-12-01 14:57:39.090', 121),CONVERT(DATETIME, '2021-12-01 18:16:18.713', 121)),
(11061033,8,5,8,CONVERT(DATETIME, '2021-12-01 15:00:08.593', 121),CONVERT(DATETIME, '2021-12-02 17:03:55.220', 121)),
(11061043,4,2,9,CONVERT(DATETIME, '2021-12-01 15:05:12.620', 121),CONVERT(DATETIME, '2021-12-02 15:56:02.993', 121)),
(11061053,8,5,8,CONVERT(DATETIME, '2021-12-01 15:10:05.367', 121),CONVERT(DATETIME, '2021-12-02 15:19:58.260', 121)),
(11061063,8,5,8,CONVERT(DATETIME, '2021-12-01 15:11:07.230', 121),CONVERT(DATETIME, '2021-12-02 16:34:13.030', 121)),
(11061073,4,2,3,CONVERT(DATETIME, '2021-12-01 15:13:40.680', 121),NULL),
(11061103,4,2,3,CONVERT(DATETIME, '2021-12-01 15:25:46.630', 121),NULL),
(11061113,63,0,8,CONVERT(DATETIME, '2021-12-01 15:40:08.477', 121),CONVERT(DATETIME, '2021-12-04 16:49:33.913', 121)),
(11061123,4,2,8,CONVERT(DATETIME, '2021-12-01 15:40:15.673', 121),CONVERT(DATETIME, '2021-12-08 15:10:04.537', 121)),
(11061133,210,0,8,CONVERT(DATETIME, '2021-12-01 15:40:44.130', 121),CONVERT(DATETIME, '2021-12-02 08:09:48.297', 121)),
(11061143,210,0,8,CONVERT(DATETIME, '2021-12-01 15:47:31.083', 121),CONVERT(DATETIME, '2021-12-02 08:10:51.123', 121)),
(11061153,8,5,8,CONVERT(DATETIME, '2021-12-01 15:48:13.440', 121),CONVERT(DATETIME, '2021-12-02 10:17:27.000', 121)),
(11061163,8,5,8,CONVERT(DATETIME, '2021-12-01 15:48:29.277', 121),CONVERT(DATETIME, '2021-12-03 11:54:01.200', 121)),
(11061173,4,2,8,CONVERT(DATETIME, '2021-12-01 15:49:59.990', 121),CONVERT(DATETIME, '2021-12-04 14:27:55.890', 121)),
(11061183,210,0,8,CONVERT(DATETIME, '2021-12-01 15:50:13.970', 121),CONVERT(DATETIME, '2021-12-01 18:03:34.680', 121)),
(11061193,63,0,8,CONVERT(DATETIME, '2021-12-01 15:52:39.413', 121),CONVERT(DATETIME, '2021-12-02 16:06:27.607', 121)),
(11061203,4,2,8,CONVERT(DATETIME, '2021-12-01 15:53:49.850', 121),CONVERT(DATETIME, '2021-12-08 15:35:06.970', 121)),
(11061213,4,2,3,CONVERT(DATETIME, '2021-12-01 15:55:08.217', 121),NULL),
(11061223,8,5,8,CONVERT(DATETIME, '2021-12-01 15:59:07.790', 121),CONVERT(DATETIME, '2021-12-02 10:21:43.610', 121)),
(11061233,4,2,8,CONVERT(DATETIME, '2021-12-01 16:01:13.320', 121),CONVERT(DATETIME, '2021-12-02 18:29:09.283', 121)),
(11061243,63,0,8,CONVERT(DATETIME, '2021-12-01 16:10:09.377', 121),CONVERT(DATETIME, '2021-12-04 16:52:50.470', 121)),
(11061253,63,0,8,CONVERT(DATETIME, '2021-12-01 16:10:10.000', 121),CONVERT(DATETIME, '2021-12-01 16:20:01.347', 121)),
(11061263,57,0,8,CONVERT(DATETIME, '2021-12-01 16:10:45.320', 121),CONVERT(DATETIME, '2021-12-04 10:16:17.947', 121)),
(11061273,8,5,8,CONVERT(DATETIME, '2021-12-01 16:23:03.480', 121),CONVERT(DATETIME, '2021-12-03 16:30:48.987', 121)),
(11061283,63,0,8,CONVERT(DATETIME, '2021-12-01 16:25:08.540', 121),CONVERT(DATETIME, '2021-12-03 10:54:20.753', 121)),
(11061293,4,2,3,CONVERT(DATETIME, '2021-12-01 16:30:02.280', 121),NULL),
(11061313,4,2,3,CONVERT(DATETIME, '2021-12-01 16:31:01.467', 121),NULL),
(11061323,8,5,8,CONVERT(DATETIME, '2021-12-01 16:34:19.660', 121),CONVERT(DATETIME, '2021-12-03 10:14:44.610', 121)),
(11061333,4,2,8,CONVERT(DATETIME, '2021-12-01 16:35:18.200', 121),CONVERT(DATETIME, '2021-12-02 09:29:51.410', 121)),
(11061343,8,5,8,CONVERT(DATETIME, '2021-12-01 16:35:38.970', 121),CONVERT(DATETIME, '2021-12-02 10:51:45.557', 121)),
(11061353,63,0,8,CONVERT(DATETIME, '2021-12-01 16:37:45.340', 121),CONVERT(DATETIME, '2021-12-02 14:48:43.503', 121)),
(11061363,36,0,8,CONVERT(DATETIME, '2021-12-01 16:40:15.273', 121),CONVERT(DATETIME, '2021-12-02 18:00:38.660', 121)),
(11061373,36,0,8,CONVERT(DATETIME, '2021-12-01 16:41:01.300', 121),CONVERT(DATETIME, '2021-12-02 13:58:55.787', 121)),
(11061383,8,5,8,CONVERT(DATETIME, '2021-12-01 16:42:28.737', 121),CONVERT(DATETIME, '2021-12-02 10:45:50.063', 121)),
(11061393,36,0,8,CONVERT(DATETIME, '2021-12-01 16:44:03.930', 121),CONVERT(DATETIME, '2021-12-02 13:58:37.727', 121)),
(11061403,4,2,9,CONVERT(DATETIME, '2021-12-01 16:50:08.643', 121),CONVERT(DATETIME, '2021-12-02 18:10:35.557', 121)),
(11061413,63,0,8,CONVERT(DATETIME, '2021-12-01 16:55:34.990', 121),CONVERT(DATETIME, '2021-12-03 14:39:34.453', 121)),
(11061423,36,0,8,CONVERT(DATETIME, '2021-12-01 16:56:10.687', 121),CONVERT(DATETIME, '2021-12-01 16:57:43.150', 121)),
(11061433,36,0,8,CONVERT(DATETIME, '2021-12-01 16:57:38.060', 121),CONVERT(DATETIME, '2021-12-01 17:50:55.997', 121)),
(11061443,8,5,8,CONVERT(DATETIME, '2021-12-01 17:00:09.157', 121),CONVERT(DATETIME, '2021-12-03 17:03:09.967', 121)),
(11061453,4,2,8,CONVERT(DATETIME, '2021-12-01 17:02:35.913', 121),CONVERT(DATETIME, '2021-12-04 14:31:44.433', 121)),
(11061463,63,0,8,CONVERT(DATETIME, '2021-12-01 17:04:35.283', 121),CONVERT(DATETIME, '2021-12-02 10:27:57.037', 121)),
(11061473,63,0,8,CONVERT(DATETIME, '2021-12-01 17:05:12.933', 121),CONVERT(DATETIME, '2021-12-03 14:53:29.430', 121)),
(11061483,4,7,3,CONVERT(DATETIME, '2021-12-01 17:06:35.157', 121),NULL),
(11061493,63,0,8,CONVERT(DATETIME, '2021-12-01 17:08:51.477', 121),CONVERT(DATETIME, '2021-12-02 09:05:57.290', 121)),
(11061503,63,0,8,CONVERT(DATETIME, '2021-12-01 17:12:43.197', 121),CONVERT(DATETIME, '2021-12-02 16:06:01.560', 121)),
(11061513,8,5,8,CONVERT(DATETIME, '2021-12-01 17:13:10.317', 121),CONVERT(DATETIME, '2021-12-05 16:40:06.883', 121)),
(11061523,36,0,8,CONVERT(DATETIME, '2021-12-01 17:14:47.970', 121),CONVERT(DATETIME, '2021-12-01 17:16:19.657', 121)),
(11061533,4,2,8,CONVERT(DATETIME, '2021-12-01 17:18:26.530', 121),CONVERT(DATETIME, '2021-12-08 15:41:51.207', 121)),
(11061633,63,0,8,CONVERT(DATETIME, '2021-12-01 18:05:39.040', 121),CONVERT(DATETIME, '2021-12-02 18:12:03.580', 121)),
(11061643,4,2,3,CONVERT(DATETIME, '2021-12-01 18:06:24.243', 121),NULL),
(11061653,63,0,8,CONVERT(DATETIME, '2021-12-01 18:07:09.050', 121),CONVERT(DATETIME, '2021-12-02 18:12:29.893', 121)),
(11061663,4,2,3,CONVERT(DATETIME, '2021-12-01 18:13:54.097', 121),NULL),
(11061673,4,2,9,CONVERT(DATETIME, '2021-12-01 18:15:08.610', 121),CONVERT(DATETIME, '2021-12-02 14:27:59.133', 121)),
(11061683,4,2,9,CONVERT(DATETIME, '2021-12-01 18:15:12.053', 121),CONVERT(DATETIME, '2021-12-02 15:26:30.830', 121)),
(11061693,8,5,8,CONVERT(DATETIME, '2021-12-01 18:22:25.410', 121),CONVERT(DATETIME, '2021-12-03 11:26:16.377', 121)),
(11061703,8,5,8,CONVERT(DATETIME, '2021-12-01 18:39:37.967', 121),CONVERT(DATETIME, '2021-12-02 17:15:27.580', 121)),
(11061713,4,2,8,CONVERT(DATETIME, '2021-12-01 18:43:58.527', 121),CONVERT(DATETIME, '2021-12-07 17:40:59.137', 121)),
(11061723,4,2,9,CONVERT(DATETIME, '2021-12-01 19:15:09.210', 121),CONVERT(DATETIME, '2021-12-02 16:28:21.217', 121)),
(11061733,8,5,8,CONVERT(DATETIME, '2021-12-01 19:34:07.047', 121),CONVERT(DATETIME, '2021-12-02 16:21:05.907', 121)),
(11061743,4,2,3,CONVERT(DATETIME, '2021-12-01 19:47:49.970', 121),NULL),
(11061833,36,0,8,CONVERT(DATETIME, '2021-12-02 08:26:53.540', 121),CONVERT(DATETIME, '2021-12-02 10:21:26.570', 121)),
(11061843,63,0,8,CONVERT(DATETIME, '2021-12-02 08:31:21.843', 121),CONVERT(DATETIME, '2021-12-02 10:52:24.013', 121)),
(11061853,8,5,8,CONVERT(DATETIME, '2021-12-02 08:34:09.030', 121),CONVERT(DATETIME, '2021-12-02 08:35:17.320', 121)),
(11061863,8,5,8,CONVERT(DATETIME, '2021-12-02 08:35:11.537', 121),CONVERT(DATETIME, '2021-12-03 09:00:25.927', 121)),
(11061873,8,13,8,CONVERT(DATETIME, '2021-12-02 08:35:11.683', 121),CONVERT(DATETIME, '2021-12-02 17:38:44.560', 121)),
(11061883,4,2,9,CONVERT(DATETIME, '2021-12-02 08:40:12.777', 121),CONVERT(DATETIME, '2021-12-02 16:11:47.717', 121)),
(11061893,8,5,8,CONVERT(DATETIME, '2021-12-02 08:41:24.873', 121),CONVERT(DATETIME, '2021-12-02 08:42:33.467', 121)),
(11061903,8,5,8,CONVERT(DATETIME, '2021-12-02 08:56:47.813', 121),CONVERT(DATETIME, '2021-12-02 08:58:51.350', 121)),
(11061913,57,0,8,CONVERT(DATETIME, '2021-12-02 09:00:10.990', 121),CONVERT(DATETIME, '2021-12-02 17:08:34.590', 121)),
(11061923,4,2,8,CONVERT(DATETIME, '2021-12-02 09:00:58.547', 121),CONVERT(DATETIME, '2021-12-12 21:15:04.463', 121)),
(11061933,4,2,8,CONVERT(DATETIME, '2021-12-02 09:01:51.710', 121),CONVERT(DATETIME, '2021-12-14 16:02:49.263', 121)),
(11061943,210,0,8,CONVERT(DATETIME, '2021-12-02 09:02:38.433', 121),CONVERT(DATETIME, '2021-12-02 14:56:41.847', 121)),
(11061963,210,0,8,CONVERT(DATETIME, '2021-12-02 09:10:16.210', 121),CONVERT(DATETIME, '2021-12-02 16:29:51.470', 121)),
(11061983,63,0,8,CONVERT(DATETIME, '2021-12-02 09:13:46.303', 121),CONVERT(DATETIME, '2021-12-02 09:25:10.163', 121)),
(11061993,63,0,8,CONVERT(DATETIME, '2021-12-02 09:14:24.850', 121),CONVERT(DATETIME, '2021-12-02 16:12:37.760', 121)),
(11062003,210,0,8,CONVERT(DATETIME, '2021-12-02 09:14:26.087', 121),CONVERT(DATETIME, '2021-12-02 15:27:16.147', 121)),
(11062013,63,0,8,CONVERT(DATETIME, '2021-12-02 09:17:40.467', 121),CONVERT(DATETIME, '2021-12-02 16:13:47.853', 121)),
(11062023,63,0,8,CONVERT(DATETIME, '2021-12-02 09:19:49.283', 121),CONVERT(DATETIME, '2021-12-02 16:17:04.610', 121)),
(11062043,8,5,8,CONVERT(DATETIME, '2021-12-02 09:27:03.613', 121),CONVERT(DATETIME, '2021-12-02 17:18:33.583', 121)),
(11062053,63,0,8,CONVERT(DATETIME, '2021-12-02 09:27:46.287', 121),CONVERT(DATETIME, '2021-12-02 09:31:20.487', 121)),
(11062063,8,5,8,CONVERT(DATETIME, '2021-12-02 09:31:03.960', 121),CONVERT(DATETIME, '2021-12-02 09:34:13.520', 121)),
(11062073,8,5,8,CONVERT(DATETIME, '2021-12-02 09:31:25.413', 121),CONVERT(DATETIME, '2021-12-02 09:33:04.243', 121)),
(11062093,8,5,8,CONVERT(DATETIME, '2021-12-02 09:33:49.360', 121),CONVERT(DATETIME, '2021-12-02 10:28:52.680', 121)),
(11062103,8,5,8,CONVERT(DATETIME, '2021-12-02 09:34:49.800', 121),CONVERT(DATETIME, '2021-12-02 10:29:37.553', 121)),
(11062113,4,2,9,CONVERT(DATETIME, '2021-12-02 09:35:12.817', 121),CONVERT(DATETIME, '2021-12-03 12:01:34.493', 121)),
(11062123,4,2,9,CONVERT(DATETIME, '2021-12-02 09:35:15.997', 121),CONVERT(DATETIME, '2021-12-03 12:02:09.907', 121)),
(11062653,4,2,8,CONVERT(DATETIME, '2021-12-02 10:23:33.520', 121),CONVERT(DATETIME, '2021-12-03 10:48:02.160', 121)),
(11062663,8,5,8,CONVERT(DATETIME, '2021-12-02 10:24:41.200', 121),CONVERT(DATETIME, '2021-12-06 10:02:20.033', 121)),
(11063133,63,0,8,CONVERT(DATETIME, '2021-12-02 11:44:32.847', 121),CONVERT(DATETIME, '2021-12-05 16:52:09.257', 121)),
(11063143,4,2,8,CONVERT(DATETIME, '2021-12-02 11:44:36.607', 121),CONVERT(DATETIME, '2021-12-11 08:54:23.477', 121)),
(11063153,63,0,8,CONVERT(DATETIME, '2021-12-02 11:45:17.973', 121),CONVERT(DATETIME, '2021-12-03 15:04:47.383', 121)),
(11063163,63,0,8,CONVERT(DATETIME, '2021-12-02 11:48:03.233', 121),CONVERT(DATETIME, '2021-12-02 14:47:37.690', 121)),
(11063173,8,5,8,CONVERT(DATETIME, '2021-12-02 11:48:54.540', 121),CONVERT(DATETIME, '2021-12-03 10:41:56.307', 121)),
(11063183,4,2,8,CONVERT(DATETIME, '2021-12-02 11:48:57.007', 121),CONVERT(DATETIME, '2021-12-15 09:55:56.983', 121)),
(11063193,4,2,8,CONVERT(DATETIME, '2021-12-02 11:54:11.793', 121),CONVERT(DATETIME, '2021-12-08 16:00:19.257', 121)),
(11063203,4,2,9,CONVERT(DATETIME, '2021-12-02 11:55:09.877', 121),CONVERT(DATETIME, '2021-12-02 12:01:42.963', 121)),
(11063213,8,5,8,CONVERT(DATETIME, '2021-12-02 11:55:11.347', 121),CONVERT(DATETIME, '2021-12-03 17:12:15.910', 121)),
(11063223,63,0,8,CONVERT(DATETIME, '2021-12-02 11:57:31.380', 121),CONVERT(DATETIME, '2021-12-04 09:43:36.720', 121)),
(11062193,4,2,9,CONVERT(DATETIME, '2021-12-02 09:40:10.937', 121),CONVERT(DATETIME, '2021-12-03 13:46:34.693', 121)),
(11062203,4,2,9,CONVERT(DATETIME, '2021-12-02 09:40:10.980', 121),CONVERT(DATETIME, '2021-12-03 13:47:08.137', 121)),
(11062213,4,2,8,CONVERT(DATETIME, '2021-12-02 09:40:15.723', 121),CONVERT(DATETIME, '2021-12-03 13:53:05.460', 121)),
(11062223,4,2,9,CONVERT(DATETIME, '2021-12-02 09:40:16.517', 121),CONVERT(DATETIME, '2021-12-03 13:47:30.520', 121)),
(11062233,8,5,8,CONVERT(DATETIME, '2021-12-02 09:44:39.590', 121),CONVERT(DATETIME, '2021-12-02 13:38:02.630', 121)),
(11062333,4,2,8,CONVERT(DATETIME, '2021-12-02 09:51:11.217', 121),CONVERT(DATETIME, '2021-12-11 18:11:47.640', 121)),
(11062343,4,2,8,CONVERT(DATETIME, '2021-12-02 09:52:04.660', 121),CONVERT(DATETIME, '2021-12-08 18:54:26.240', 121)),
(11062353,4,2,9,CONVERT(DATETIME, '2021-12-02 09:55:10.990', 121),CONVERT(DATETIME, '2021-12-03 13:49:30.133', 121)),
(11062363,210,0,8,CONVERT(DATETIME, '2021-12-02 09:55:47.520', 121),CONVERT(DATETIME, '2021-12-02 14:57:32.503', 121)),
(11062373,8,5,8,CONVERT(DATETIME, '2021-12-02 09:58:05.230', 121),CONVERT(DATETIME, '2021-12-02 16:43:36.263', 121)),
(11062383,4,2,8,CONVERT(DATETIME, '2021-12-02 09:58:55.843', 121),CONVERT(DATETIME, '2021-12-09 09:46:20.537', 121)),
(11062393,4,2,9,CONVERT(DATETIME, '2021-12-02 10:00:10.983', 121),CONVERT(DATETIME, '2021-12-03 13:49:45.820', 121)),
(11062403,4,2,9,CONVERT(DATETIME, '2021-12-02 10:00:20.737', 121),CONVERT(DATETIME, '2021-12-03 13:50:05.857', 121)),
(11062413,36,0,8,CONVERT(DATETIME, '2021-12-02 10:00:23.357', 121),CONVERT(DATETIME, '2021-12-03 09:56:50.973', 121)),
(11062423,8,5,8,CONVERT(DATETIME, '2021-12-02 10:01:51.670', 121),CONVERT(DATETIME, '2021-12-03 09:00:13.200', 121)),
(11062433,63,0,8,CONVERT(DATETIME, '2021-12-02 10:03:18.207', 121),CONVERT(DATETIME, '2021-12-02 10:04:56.843', 121)),
(11062443,63,0,8,CONVERT(DATETIME, '2021-12-02 10:05:11.377', 121),CONVERT(DATETIME, '2021-12-02 10:36:54.763', 121)),
(11062453,63,0,8,CONVERT(DATETIME, '2021-12-02 10:05:13.833', 121),CONVERT(DATETIME, '2021-12-02 11:11:09.387', 121)),
(11062463,63,0,8,CONVERT(DATETIME, '2021-12-02 10:05:38.367', 121),CONVERT(DATETIME, '2021-12-02 18:13:08.087', 121)),
(11062473,63,0,8,CONVERT(DATETIME, '2021-12-02 10:05:55.540', 121),CONVERT(DATETIME, '2021-12-03 14:54:34.673', 121)),
(11062483,8,5,8,CONVERT(DATETIME, '2021-12-02 10:06:06.660', 121),CONVERT(DATETIME, '2021-12-03 10:32:53.090', 121)),
(11062493,8,5,8,CONVERT(DATETIME, '2021-12-02 10:06:50.727', 121),CONVERT(DATETIME, '2021-12-02 11:53:06.660', 121)),
(11062503,36,0,8,CONVERT(DATETIME, '2021-12-02 10:06:54.350', 121),CONVERT(DATETIME, '2021-12-02 17:35:26.163', 121)),
(11062513,8,5,8,CONVERT(DATETIME, '2021-12-02 10:10:08.590', 121),CONVERT(DATETIME, '2021-12-03 16:20:37.433', 121)),
(11062523,8,5,8,CONVERT(DATETIME, '2021-12-02 10:10:09.593', 121),CONVERT(DATETIME, '2021-12-02 10:21:28.783', 121)),
(11062533,8,5,8,CONVERT(DATETIME, '2021-12-02 10:10:18.800', 121),CONVERT(DATETIME, '2021-12-03 16:08:36.977', 121)),
(11062543,36,0,8,CONVERT(DATETIME, '2021-12-02 10:10:36.370', 121),CONVERT(DATETIME, '2021-12-02 17:37:21.653', 121)),
(11062553,8,5,8,CONVERT(DATETIME, '2021-12-02 10:12:07.933', 121),CONVERT(DATETIME, '2021-12-02 10:33:28.060', 121)),
(11062563,210,0,8,CONVERT(DATETIME, '2021-12-02 10:12:36.797', 121),CONVERT(DATETIME, '2021-12-06 08:13:36.977', 121)),
(11062573,4,2,3,CONVERT(DATETIME, '2021-12-02 10:13:31.183', 121),NULL),
(11062583,4,2,8,CONVERT(DATETIME, '2021-12-02 10:14:50.740', 121),CONVERT(DATETIME, '2021-12-16 16:55:56.510', 121)),
(11062593,63,0,8,CONVERT(DATETIME, '2021-12-02 10:17:41.713', 121),CONVERT(DATETIME, '2021-12-02 10:19:29.847', 121)),
(11062603,63,0,8,CONVERT(DATETIME, '2021-12-02 10:20:17.233', 121),CONVERT(DATETIME, '2021-12-02 11:27:54.977', 121)),
(11062613,63,0,8,CONVERT(DATETIME, '2021-12-02 10:20:51.417', 121),CONVERT(DATETIME, '2021-12-02 10:22:03.437', 121)),
(11062623,63,0,8,CONVERT(DATETIME, '2021-12-02 10:21:34.007', 121),CONVERT(DATETIME, '2021-12-02 10:25:12.323', 121)),
(11062633,8,5,8,CONVERT(DATETIME, '2021-12-02 10:23:20.400', 121),CONVERT(DATETIME, '2021-12-02 10:25:53.047', 121)),
(11062643,8,5,8,CONVERT(DATETIME, '2021-12-02 10:23:25.053', 121),CONVERT(DATETIME, '2021-12-03 17:31:39.550', 121)),
(11062713,210,0,8,CONVERT(DATETIME, '2021-12-02 10:36:14.890', 121),CONVERT(DATETIME, '2021-12-04 16:45:39.210', 121)),
(11062723,8,5,8,CONVERT(DATETIME, '2021-12-02 10:36:54.810', 121),CONVERT(DATETIME, '2021-12-02 10:38:40.273', 121)),
(11062733,63,0,8,CONVERT(DATETIME, '2021-12-02 10:37:22.643', 121),CONVERT(DATETIME, '2021-12-03 14:55:38.810', 121)),
(11062743,63,0,8,CONVERT(DATETIME, '2021-12-02 10:41:34.947', 121),CONVERT(DATETIME, '2021-12-03 15:01:25.823', 121)),
(11062753,8,5,8,CONVERT(DATETIME, '2021-12-02 10:44:25.080', 121),CONVERT(DATETIME, '2021-12-02 15:19:05.990', 121)),
(11062763,8,5,8,CONVERT(DATETIME, '2021-12-02 10:44:44.553', 121),CONVERT(DATETIME, '2021-12-02 15:31:43.560', 121)),
(11062773,4,2,3,CONVERT(DATETIME, '2021-12-02 10:47:43.933', 121),NULL),
(11062783,4,2,8,CONVERT(DATETIME, '2021-12-02 10:50:04.720', 121),CONVERT(DATETIME, '2021-12-13 17:34:20.907', 121)),
(11062803,63,0,8,CONVERT(DATETIME, '2021-12-02 10:52:26.920', 121),CONVERT(DATETIME, '2021-12-02 11:59:12.963', 121)),
(11062813,63,0,8,CONVERT(DATETIME, '2021-12-02 10:54:26.320', 121),CONVERT(DATETIME, '2021-12-03 15:00:15.980', 121)),
(11062823,8,5,8,CONVERT(DATETIME, '2021-12-02 10:56:43.760', 121),CONVERT(DATETIME, '2021-12-03 09:10:05.437', 121)),
(11062833,63,0,8,CONVERT(DATETIME, '2021-12-02 10:59:21.597', 121),CONVERT(DATETIME, '2021-12-02 11:04:07.690', 121)),
(11062843,63,0,8,CONVERT(DATETIME, '2021-12-02 10:59:48.210', 121),CONVERT(DATETIME, '2021-12-02 11:32:01.137', 121)),
(11062853,4,2,3,CONVERT(DATETIME, '2021-12-02 11:02:14.383', 121),NULL),
(11062873,8,5,8,CONVERT(DATETIME, '2021-12-02 11:04:42.693', 121),CONVERT(DATETIME, '2021-12-02 11:07:54.400', 121)),
(11062893,63,0,8,CONVERT(DATETIME, '2021-12-02 11:05:58.877', 121),CONVERT(DATETIME, '2021-12-02 18:30:02.483', 121)),
(11062903,63,0,8,CONVERT(DATETIME, '2021-12-02 11:11:21.903', 121),CONVERT(DATETIME, '2021-12-02 11:14:52.093', 121)),
(11062913,781,0,8,CONVERT(DATETIME, '2021-12-02 11:11:34.133', 121),CONVERT(DATETIME, '2021-12-02 16:55:43.350', 121)),
(11062923,57,0,8,CONVERT(DATETIME, '2021-12-02 11:14:56.173', 121),CONVERT(DATETIME, '2021-12-02 17:09:17.460', 121)),
(11062933,63,0,8,CONVERT(DATETIME, '2021-12-02 11:15:23.270', 121),CONVERT(DATETIME, '2021-12-02 14:48:20.573', 121)),
(11062943,8,5,8,CONVERT(DATETIME, '2021-12-02 11:18:36.260', 121),CONVERT(DATETIME, '2021-12-04 08:42:12.310', 121)),
(11062953,4,2,8,CONVERT(DATETIME, '2021-12-02 11:20:18.490', 121),CONVERT(DATETIME, '2021-12-11 17:54:08.093', 121)),
(11062963,4,2,8,CONVERT(DATETIME, '2021-12-02 11:20:56.047', 121),CONVERT(DATETIME, '2021-12-11 18:13:05.493', 121)),
(11062983,8,5,8,CONVERT(DATETIME, '2021-12-02 11:23:50.070', 121),CONVERT(DATETIME, '2021-12-02 17:16:05.897', 121)),
(11062993,781,0,8,CONVERT(DATETIME, '2021-12-02 11:26:43.967', 121),CONVERT(DATETIME, '2021-12-02 14:38:30.077', 121)),
(11063003,8,5,8,CONVERT(DATETIME, '2021-12-02 11:27:24.447', 121),CONVERT(DATETIME, '2021-12-02 11:31:36.320', 121)),
(11063023,8,5,8,CONVERT(DATETIME, '2021-12-02 11:28:46.397', 121),CONVERT(DATETIME, '2021-12-03 15:18:44.067', 121)),
(11063033,4,2,3,CONVERT(DATETIME, '2021-12-02 11:30:00.270', 121),NULL),
(11063053,4,2,9,CONVERT(DATETIME, '2021-12-02 11:35:11.443', 121),CONVERT(DATETIME, '2021-12-07 15:45:18.007', 121)),
(11063073,781,0,8,CONVERT(DATETIME, '2021-12-02 11:37:21.020', 121),CONVERT(DATETIME, '2021-12-02 13:54:13.007', 121)),
(11063083,63,0,8,CONVERT(DATETIME, '2021-12-02 11:37:38.933', 121),CONVERT(DATETIME, '2021-12-02 14:48:01.387', 121)),
(11063093,36,0,8,CONVERT(DATETIME, '2021-12-02 11:40:12.693', 121),CONVERT(DATETIME, '2021-12-03 16:40:45.553', 121)),
(11063103,36,0,8,CONVERT(DATETIME, '2021-12-02 11:40:14.007', 121),CONVERT(DATETIME, '2021-12-02 15:33:25.703', 121)),
(11063113,63,0,8,CONVERT(DATETIME, '2021-12-02 11:41:04.790', 121),CONVERT(DATETIME, '2021-12-02 14:13:16.310', 121)),
(11063123,4,2,8,CONVERT(DATETIME, '2021-12-02 11:42:20.920', 121),CONVERT(DATETIME, '2021-12-08 18:48:56.143', 121)),
(11059833,8,5,8,CONVERT(DATETIME, '2021-12-01 09:30:10.410', 121),CONVERT(DATETIME, '2021-12-01 16:53:30.400', 121)),
(11059843,63,0,8,CONVERT(DATETIME, '2021-12-01 09:35:08.933', 121),CONVERT(DATETIME, '2021-12-04 16:04:10.603', 121)),
(11059853,210,0,8,CONVERT(DATETIME, '2021-12-01 09:38:13.223', 121),CONVERT(DATETIME, '2021-12-01 15:52:18.367', 121)),
(11059863,8,5,8,CONVERT(DATETIME, '2021-12-01 09:40:07.697', 121),CONVERT(DATETIME, '2021-12-04 10:14:38.297', 121)),
(11059873,63,0,8,CONVERT(DATETIME, '2021-12-01 09:40:13.987', 121),CONVERT(DATETIME, '2021-12-03 10:47:02.057', 121)),
(11059883,36,0,8,CONVERT(DATETIME, '2021-12-01 09:40:16.847', 121),CONVERT(DATETIME, '2021-12-01 17:10:04.363', 121)),
(11059893,210,0,8,CONVERT(DATETIME, '2021-12-01 09:44:26.313', 121),CONVERT(DATETIME, '2021-12-01 14:20:19.840', 121)),
(11059903,4,2,9,CONVERT(DATETIME, '2021-12-01 09:45:08.423', 121),CONVERT(DATETIME, '2021-12-01 13:59:22.480', 121)),
(11059913,8,5,8,CONVERT(DATETIME, '2021-12-01 09:46:29.830', 121),CONVERT(DATETIME, '2021-12-01 15:00:20.200', 121)),
(11059923,4,2,8,CONVERT(DATETIME, '2021-12-01 09:50:16.407', 121),CONVERT(DATETIME, '2021-12-03 14:03:50.830', 121)),
(11059933,8,5,8,CONVERT(DATETIME, '2021-12-01 09:51:03.060', 121),CONVERT(DATETIME, '2021-12-03 15:13:38.833', 121)),
(11064883,4,2,8,CONVERT(DATETIME, '2021-12-02 17:25:12.043', 121),CONVERT(DATETIME, '2021-12-04 14:55:16.080', 121)),
(11064893,4,2,8,CONVERT(DATETIME, '2021-12-02 17:25:18.420', 121),CONVERT(DATETIME, '2021-12-04 15:11:21.493', 121)),
(11064903,210,0,8,CONVERT(DATETIME, '2021-12-02 17:26:35.530', 121),CONVERT(DATETIME, '2021-12-03 10:02:41.423', 121)),
(11064913,63,0,8,CONVERT(DATETIME, '2021-12-02 17:28:04.907', 121),CONVERT(DATETIME, '2021-12-02 18:29:31.130', 121)),
(11064923,4,2,3,CONVERT(DATETIME, '2021-12-02 17:31:49.890', 121),NULL),
(11064933,36,0,8,CONVERT(DATETIME, '2021-12-02 17:31:58.687', 121),CONVERT(DATETIME, '2021-12-02 17:36:44.350', 121)),
(11064943,4,2,8,CONVERT(DATETIME, '2021-12-02 17:34:12.183', 121),CONVERT(DATETIME, '2021-12-03 14:06:19.797', 121)),
(11064953,4,2,3,CONVERT(DATETIME, '2021-12-02 17:34:14.303', 121),NULL),
(11064963,4,2,9,CONVERT(DATETIME, '2021-12-02 17:35:12.050', 121),CONVERT(DATETIME, '2021-12-03 17:46:39.117', 121)),
(11064973,781,0,8,CONVERT(DATETIME, '2021-12-02 17:36:51.967', 121),CONVERT(DATETIME, '2021-12-03 08:12:21.640', 121)),
(11064983,210,0,8,CONVERT(DATETIME, '2021-12-02 17:50:23.257', 121),CONVERT(DATETIME, '2021-12-07 13:42:17.650', 121)),
(11064993,36,0,8,CONVERT(DATETIME, '2021-12-02 17:55:40.153', 121),CONVERT(DATETIME, '2021-12-03 14:29:02.150', 121)),
(11065003,8,5,8,CONVERT(DATETIME, '2021-12-02 17:57:07.170', 121),CONVERT(DATETIME, '2021-12-03 08:56:09.733', 121)),
(11065013,210,0,8,CONVERT(DATETIME, '2021-12-02 17:59:24.900', 121),CONVERT(DATETIME, '2021-12-03 14:03:07.477', 121)),
(11065023,8,5,8,CONVERT(DATETIME, '2021-12-02 18:07:02.630', 121),CONVERT(DATETIME, '2021-12-03 16:27:32.270', 121)),
(11065033,63,0,8,CONVERT(DATETIME, '2021-12-02 18:10:38.970', 121),CONVERT(DATETIME, '2021-12-02 18:15:13.807', 121)),
(11065043,4,2,8,CONVERT(DATETIME, '2021-12-02 18:30:31.183', 121),CONVERT(DATETIME, '2021-12-02 18:31:49.863', 121)),
(11065053,36,0,8,CONVERT(DATETIME, '2021-12-02 18:41:49.207', 121),CONVERT(DATETIME, '2021-12-03 15:56:54.537', 121)),
(11065063,8,5,8,CONVERT(DATETIME, '2021-12-02 18:55:12.143', 121),CONVERT(DATETIME, '2021-12-03 09:26:00.160', 121)),
(11065073,781,0,8,CONVERT(DATETIME, '2021-12-02 19:13:35.823', 121),CONVERT(DATETIME, '2021-12-03 11:11:09.300', 121)),
(11065083,781,0,8,CONVERT(DATETIME, '2021-12-02 19:14:02.900', 121),CONVERT(DATETIME, '2021-12-03 11:01:54.173', 121)),
(11065093,781,0,8,CONVERT(DATETIME, '2021-12-02 19:15:03.060', 121),CONVERT(DATETIME, '2021-12-03 11:04:20.927', 121)),
(11065103,210,0,8,CONVERT(DATETIME, '2021-12-02 19:17:25.297', 121),CONVERT(DATETIME, '2021-12-06 17:27:40.023', 121)),
(11065113,4,2,9,CONVERT(DATETIME, '2021-12-02 19:35:17.827', 121),CONVERT(DATETIME, '2021-12-09 17:31:12.713', 121)),
(11065123,210,0,8,CONVERT(DATETIME, '2021-12-02 19:37:12.183', 121),CONVERT(DATETIME, '2021-12-06 08:19:53.910', 121)),
(11065173,4,2,3,CONVERT(DATETIME, '2021-12-02 20:55:05.893', 121),NULL),
(11065183,210,0,8,CONVERT(DATETIME, '2021-12-02 21:13:54.463', 121),CONVERT(DATETIME, '2021-12-03 10:38:43.710', 121)),
(11065193,8,5,8,CONVERT(DATETIME, '2021-12-02 21:22:13.897', 121),CONVERT(DATETIME, '2021-12-03 09:19:36.457', 121)),
(11065203,4,2,3,CONVERT(DATETIME, '2021-12-02 22:00:50.467', 121),NULL),
(11065213,4,2,8,CONVERT(DATETIME, '2021-12-02 22:16:19.473', 121),CONVERT(DATETIME, '2021-12-06 11:38:10.293', 121)),
(11065223,4,2,8,CONVERT(DATETIME, '2021-12-02 22:18:00.243', 121),CONVERT(DATETIME, '2021-12-07 23:15:51.390', 121)),
(11065233,4,2,3,CONVERT(DATETIME, '2021-12-02 22:19:30.320', 121),NULL),
(11065243,4,2,3,CONVERT(DATETIME, '2021-12-02 22:20:55.590', 121),NULL),
(11065253,4,2,3,CONVERT(DATETIME, '2021-12-02 22:23:42.497', 121),NULL),
(11065263,4,2,8,CONVERT(DATETIME, '2021-12-03 01:34:26.067', 121),CONVERT(DATETIME, '2021-12-03 15:36:33.710', 121)),
(11065273,210,0,8,CONVERT(DATETIME, '2021-12-03 07:41:49.663', 121),CONVERT(DATETIME, '2021-12-04 07:37:56.757', 121)),
(11065283,4,2,8,CONVERT(DATETIME, '2021-12-03 07:52:18.740', 121),CONVERT(DATETIME, '2021-12-04 16:54:17.700', 121)),
(11065293,36,0,8,CONVERT(DATETIME, '2021-12-03 07:57:37.587', 121),CONVERT(DATETIME, '2021-12-03 11:19:08.753', 121)),
(11065303,57,0,8,CONVERT(DATETIME, '2021-12-03 08:10:14.380', 121),CONVERT(DATETIME, '2021-12-03 15:27:37.373', 121)),
(11065313,8,5,8,CONVERT(DATETIME, '2021-12-03 08:11:56.320', 121),CONVERT(DATETIME, '2021-12-03 08:15:57.283', 121)),
(11065393,210,0,8,CONVERT(DATETIME, '2021-12-03 08:26:40.070', 121),CONVERT(DATETIME, '2021-12-03 10:25:47.570', 121)),
(11065403,63,0,8,CONVERT(DATETIME, '2021-12-03 08:27:26.873', 121),CONVERT(DATETIME, '2021-12-04 10:43:52.100', 121)),
(11065413,63,0,8,CONVERT(DATETIME, '2021-12-03 08:31:31.367', 121),CONVERT(DATETIME, '2021-12-04 08:23:02.517', 121)),
(11065423,63,0,8,CONVERT(DATETIME, '2021-12-03 08:36:02.623', 121),CONVERT(DATETIME, '2021-12-04 08:23:28.140', 121)),
(11065433,8,5,8,CONVERT(DATETIME, '2021-12-03 08:37:56.817', 121),CONVERT(DATETIME, '2021-12-06 08:20:38.923', 121)),
(11065443,63,0,8,CONVERT(DATETIME, '2021-12-03 08:40:45.030', 121),CONVERT(DATETIME, '2021-12-04 10:50:10.093', 121)),
(11065453,63,0,8,CONVERT(DATETIME, '2021-12-03 08:42:41.243', 121),CONVERT(DATETIME, '2021-12-03 10:45:47.353', 121)),
(11065463,4,2,3,CONVERT(DATETIME, '2021-12-03 08:43:02.713', 121),NULL),
(11065473,8,4,8,CONVERT(DATETIME, '2021-12-03 08:44:50.460', 121),CONVERT(DATETIME, '2021-12-03 08:47:28.997', 121)),
(11065483,63,0,8,CONVERT(DATETIME, '2021-12-03 08:45:13.707', 121),CONVERT(DATETIME, '2021-12-04 15:51:10.063', 121)),
(11065503,8,5,8,CONVERT(DATETIME, '2021-12-03 08:54:04.520', 121),CONVERT(DATETIME, '2021-12-03 10:31:39.527', 121)),
(11065513,4,2,8,CONVERT(DATETIME, '2021-12-03 08:54:26.127', 121),CONVERT(DATETIME, '2021-12-06 14:01:44.233', 121)),
(11065523,210,0,9,CONVERT(DATETIME, '2021-12-03 08:56:58.440', 121),CONVERT(DATETIME, '2021-12-06 15:11:59.540', 121)),
(11065543,63,0,8,CONVERT(DATETIME, '2021-12-03 09:00:25.240', 121),CONVERT(DATETIME, '2021-12-06 14:50:21.943', 121)),
(11065553,63,0,8,CONVERT(DATETIME, '2021-12-03 09:01:30.837', 121),CONVERT(DATETIME, '2021-12-03 10:45:18.983', 121)),
(11065563,8,5,8,CONVERT(DATETIME, '2021-12-03 09:04:48.490', 121),CONVERT(DATETIME, '2021-12-03 16:00:29.980', 121)),
(11065573,63,0,8,CONVERT(DATETIME, '2021-12-03 09:04:56.350', 121),CONVERT(DATETIME, '2021-12-03 10:44:37.577', 121)),
(11065583,4,2,3,CONVERT(DATETIME, '2021-12-03 09:06:36.213', 121),NULL),
(11065593,63,0,8,CONVERT(DATETIME, '2021-12-03 09:08:18.310', 121),CONVERT(DATETIME, '2021-12-04 08:24:19.030', 121)),
(11065603,57,0,8,CONVERT(DATETIME, '2021-12-03 09:11:13.670', 121),CONVERT(DATETIME, '2021-12-03 14:56:34.390', 121)),
(11065613,63,0,8,CONVERT(DATETIME, '2021-12-03 09:12:00.930', 121),CONVERT(DATETIME, '2021-12-04 08:24:41.617', 121)),
(11065633,4,2,8,CONVERT(DATETIME, '2021-12-03 09:14:51.630', 121),CONVERT(DATETIME, '2021-12-06 14:00:17.303', 121)),
(11065643,210,0,8,CONVERT(DATETIME, '2021-12-03 09:15:02.120', 121),CONVERT(DATETIME, '2021-12-03 10:24:40.947', 121)),
(11065653,4,2,8,CONVERT(DATETIME, '2021-12-03 09:16:22.863', 121),CONVERT(DATETIME, '2021-12-03 16:13:51.163', 121)),
(11065663,4,2,8,CONVERT(DATETIME, '2021-12-03 09:21:04.340', 121),CONVERT(DATETIME, '2021-12-03 16:20:19.200', 121)),
(11065673,57,0,8,CONVERT(DATETIME, '2021-12-03 09:21:16.560', 121),CONVERT(DATETIME, '2021-12-06 19:07:15.267', 121)),
(11065683,210,0,8,CONVERT(DATETIME, '2021-12-03 09:22:20.820', 121),CONVERT(DATETIME, '2021-12-04 17:06:54.440', 121)),
(11065693,210,0,8,CONVERT(DATETIME, '2021-12-03 09:23:08.310', 121),CONVERT(DATETIME, '2021-12-03 10:23:19.417', 121)),
(11065703,63,0,8,CONVERT(DATETIME, '2021-12-03 09:26:09.180', 121),CONVERT(DATETIME, '2021-12-04 08:25:08.390', 121)),
(11068013,8,5,8,CONVERT(DATETIME, '2021-12-03 16:22:21.877', 121),CONVERT(DATETIME, '2021-12-03 16:23:22.337', 121)),
(11068023,63,0,8,CONVERT(DATETIME, '2021-12-03 16:23:15.590', 121),CONVERT(DATETIME, '2021-12-03 17:04:25.217', 121)),
(11068033,63,0,8,CONVERT(DATETIME, '2021-12-03 16:24:38.703', 121),CONVERT(DATETIME, '2021-12-03 17:23:50.717', 121)),
(11068123,8,5,8,CONVERT(DATETIME, '2021-12-03 16:34:23.257', 121),CONVERT(DATETIME, '2021-12-03 16:36:49.520', 121)),
(11068133,4,2,3,CONVERT(DATETIME, '2021-12-03 16:36:25.393', 121),NULL),
(11068143,63,0,8,CONVERT(DATETIME, '2021-12-03 16:40:15.893', 121),CONVERT(DATETIME, '2021-12-08 11:41:42.067', 121)),
(11068153,8,5,8,CONVERT(DATETIME, '2021-12-03 16:40:18.433', 121),CONVERT(DATETIME, '2021-12-04 10:33:44.133', 121)),
(11068163,8,5,8,CONVERT(DATETIME, '2021-12-03 16:40:21.463', 121),CONVERT(DATETIME, '2021-12-03 17:37:16.390', 121)),
(11068173,36,0,8,CONVERT(DATETIME, '2021-12-03 16:42:14.067', 121),CONVERT(DATETIME, '2021-12-04 17:42:03.517', 121)),
(11068183,63,0,8,CONVERT(DATETIME, '2021-12-03 16:45:14.943', 121),CONVERT(DATETIME, '2021-12-04 09:31:34.853', 121)),
(11068193,4,2,9,CONVERT(DATETIME, '2021-12-03 16:45:15.397', 121),CONVERT(DATETIME, '2021-12-04 10:15:31.590', 121)),
(11068203,4,2,8,CONVERT(DATETIME, '2021-12-03 16:46:54.420', 121),CONVERT(DATETIME, '2021-12-14 09:01:51.297', 121)),
(11068213,63,0,8,CONVERT(DATETIME, '2021-12-03 16:50:21.243', 121),CONVERT(DATETIME, '2021-12-03 20:20:38.713', 121)),
(11068223,63,0,8,CONVERT(DATETIME, '2021-12-03 16:51:33.850', 121),CONVERT(DATETIME, '2021-12-03 16:57:30.840', 121)),
(11068233,8,5,8,CONVERT(DATETIME, '2021-12-03 16:58:50.627', 121),CONVERT(DATETIME, '2021-12-04 11:06:11.327', 121)),
(11068243,63,0,8,CONVERT(DATETIME, '2021-12-03 16:59:45.020', 121),CONVERT(DATETIME, '2021-12-06 09:14:19.123', 121)),
(11068253,36,0,8,CONVERT(DATETIME, '2021-12-03 17:00:26.767', 121),CONVERT(DATETIME, '2021-12-03 17:33:32.553', 121)),
(11068263,4,2,3,CONVERT(DATETIME, '2021-12-03 17:03:55.993', 121),NULL),
(11068343,4,2,3,CONVERT(DATETIME, '2021-12-03 17:23:14.460', 121),NULL),
(11068353,4,2,3,CONVERT(DATETIME, '2021-12-03 17:27:13.107', 121),NULL),
(11068363,63,0,8,CONVERT(DATETIME, '2021-12-03 17:28:55.800', 121),CONVERT(DATETIME, '2021-12-06 09:07:14.690', 121)),
(11068373,63,0,8,CONVERT(DATETIME, '2021-12-03 17:45:15.620', 121),CONVERT(DATETIME, '2021-12-06 09:19:28.093', 121)),
(11068383,63,0,8,CONVERT(DATETIME, '2021-12-03 17:50:15.637', 121),CONVERT(DATETIME, '2021-12-11 08:58:06.520', 121))
GO

INSERT Location VALUES
(2,N'Vùng 1',4,N'Hà Nội',1,'HNI_01'),
(2,N'Vùng 1',4,N'Hà Nội',2,'HNI_02'),
(2,N'Vùng 1',4,N'Hà Nội',3,'HNI_03'),
(2,N'Vùng 1',4,N'Hà Nội',4,'HNI_04'),
(2,N'Vùng 1',4,N'Hà Nội',5,'HNI_05'),
(2,N'Vùng 1',4,N'Hà Nội',6,'HNI_06'),
(2,N'Vùng 1',4,N'Hà Nội',7,'HNI_07'),
(2,N'Vùng 1',4,N'Hà Nội',8,'HNI_08'),
(2,N'Vùng 1',4,N'Hà Nội',9,'HNI_09'),
(2,N'Vùng 1',4,N'Hà Nội',10,'HNI_10'),
(2,N'Vùng 1',4,N'Hà Nội',11,'HNI_11'),
(2,N'Vùng 1',4,N'Hà Nội',12,'HNI_12'),
(2,N'Vùng 1',4,N'Hà Nội',13,'HNI_13'),
(2,N'Vùng 1',4,N'Hà Nội',14,'HNI_14'),
(12,N'Vùng 2',20,N'Lào Cai',0,'LCI'),
(12,N'Vùng 2',25,N'Lạng Sơn',0,'LSN'),
(12,N'Vùng 2',26,N'Cao Bằng',0,'CBG'),
(12,N'Vùng 2',27,N'Tuyên Quang',0,'TQG'),
(12,N'Vùng 2',29,N'Yên Bái',0,'YBI'),
(12,N'Vùng 2',33,N'Quảng Ninh',0,'QNH'),
(12,N'Vùng 2',33,N'Quảng Ninh',1,'QNH_01'),
(12,N'Vùng 2',33,N'Quảng Ninh',2,'QNH_02'),
(12,N'Vùng 2',33,N'Quảng Ninh',3,'QNH_03'),
(12,N'Vùng 2',210,N'Phú Thọ',0,'PTO'),
(12,N'Vùng 2',211,N'Vĩnh Phúc',0,'VPC'),
(12,N'Vùng 2',219,N'Hà Giang',0,'HAG'),
(12,N'Vùng 2',240,N'Bắc Giang',0,'BGG'),
(12,N'Vùng 2',241,N'Bắc Ninh',0,'BNH'),
(12,N'Vùng 2',280,N'Thái Nguyên',0,'TNN'),
(12,N'Vùng 2',281,N'Bắc Kạn',0,'BKN'),
(12,N'Vùng 2',321,N'Hưng Yên',0,'HYN'),
(22,N'Vùng 3',22,N'Sơn La',0,'SLA'),
(22,N'Vùng 3',30,N'Ninh Bình',0,'NBH'),
(22,N'Vùng 3',31,N'Hải Phòng',0,'HPG'),
(22,N'Vùng 3',31,N'Hải Phòng',1,'HPG_01'),
(22,N'Vùng 3',31,N'Hải Phòng',2,'HPG_02'),
(22,N'Vùng 3',31,N'Hải Phòng',3,'HPG_03'),
(22,N'Vùng 3',31,N'Hải Phòng',4,'HPG_04'),
(22,N'Vùng 3',31,N'Hải Phòng',5,'HPG_05'),
(22,N'Vùng 3',31,N'Hải Phòng',6,'HPG_06'),
(22,N'Vùng 3',36,N'Thái Bình',0,'TBH'),
(22,N'Vùng 3',37,N'Thanh Hóa',0,'THA'),
(22,N'Vùng 3',38,N'Nghệ An',0,'NAN'),
(22,N'Vùng 3',39,N'Hà Tĩnh',0,'HTH'),
(22,N'Vùng 3',218,N'Hòa Bình',0,'HBH'),
(22,N'Vùng 3',230,N'Điện Biên',0,'DBN'),
(22,N'Vùng 3',231,N'Lai Châu',0,'LCU'),
(22,N'Vùng 3',320,N'Hải Dương',0,'HDG'),
(22,N'Vùng 3',320,N'Hải Dương',1,'HDG_01'),
(22,N'Vùng 3',320,N'Hải Dương',2,'HDG_02'),
(22,N'Vùng 3',320,N'Hải Dương',3,'HDG_03'),
(22,N'Vùng 3',320,N'Hải Dương',4,'HDG_04'),
(22,N'Vùng 3',320,N'Hải Dương',5,'HDG_05'),
(22,N'Vùng 3',350,N'Nam Định',0,'NDH'),
(22,N'Vùng 3',351,N'Hà Nam',0,'HNM'),
(32,N'Vùng 4',52,N'Quảng Bình',0,'QBH'),
(32,N'Vùng 4',53,N'Quảng Trị',0,'QTI'),
(32,N'Vùng 4',54,N'Thừa Thiên Huế',0,'HUE'),
(32,N'Vùng 4',55,N'Quảng Ngãi',0,'QNI'),
(32,N'Vùng 4',56,N'Bình Định',0,'BDH'),
(32,N'Vùng 4',57,N'Phú Yên',0,'PYN'),
(32,N'Vùng 4',58,N'Khánh Hòa',0,'KHA'),
(32,N'Vùng 4',59,N'Gia Lai',0,'GLI'),
(32,N'Vùng 4',60,N'Kon Tum',0,'KTM'),
(32,N'Vùng 4',500,N'Đắk Lắk',0,'DLK'),
(32,N'Vùng 4',501,N'Đắk Nông',0,'DKG'),
(32,N'Vùng 4',510,N'Quảng Nam',0,'QNM'),
(32,N'Vùng 4',511,N'Đà Nẵng',0,'DNG'),
(32,N'Vùng 4',511,N'Đà Nẵng',1,'DNG_01'),
(32,N'Vùng 4',511,N'Đà Nẵng',2,'DNG_02'),
(32,N'Vùng 4',511,N'Đà Nẵng',3,'DNG_03'),
(42,N'Vùng 5',8,N'Hồ Chí Minh',1,'HCM_01'),
(42,N'Vùng 5',8,N'Hồ Chí Minh',2,'HCM_02'),
(42,N'Vùng 5',8,N'Hồ Chí Minh',3,'HCM_03'),
(42,N'Vùng 5',8,N'Hồ Chí Minh',4,'HCM_04'),
(42,N'Vùng 5',8,N'Hồ Chí Minh',5,'HCM_05'),
(42,N'Vùng 5',8,N'Hồ Chí Minh',6,'HCM_06'),
(42,N'Vùng 5',8,N'Hồ Chí Minh',7,'HCM_07'),
(42,N'Vùng 5',8,N'Hồ Chí Minh',8,'HCM_08'),
(42,N'Vùng 5',8,N'Hồ Chí Minh',9,'HCM_09'),
(42,N'Vùng 5',8,N'Hồ Chí Minh',10,'HCM_10'),
(42,N'Vùng 5',8,N'Hồ Chí Minh',11,'HCM_11'),
(42,N'Vùng 5',8,N'Hồ Chí Minh',12,'HCM_12'),
(42,N'Vùng 5',8,N'Hồ Chí Minh',13,'HCM_13'),
(42,N'Vùng 5',8,N'Hồ Chí Minh',14,'HCM_14'),
(42,N'Vùng 5',8,N'Hồ Chí Minh',15,'HCM_15'),
(42,N'Vùng 5',8,N'Hồ Chí Minh',16,'HCM_16'),
(52,N'Vùng 6',61,N'Đồng Nai',0,'DNI'),
(52,N'Vùng 6',61,N'Đồng Nai',1,'DNI_01'),
(52,N'Vùng 6',61,N'Đồng Nai',2,'DNI_02'),
(52,N'Vùng 6',61,N'Đồng Nai',3,'DNI_03'),
(52,N'Vùng 6',61,N'Đồng Nai',4,'DNI_04'),
(52,N'Vùng 6',61,N'Đồng Nai',5,'DNI_05'),
(52,N'Vùng 6',61,N'Đồng Nai',6,'DNI_06'),
(52,N'Vùng 6',61,N'Đồng Nai',7,'DNI_07'),
(52,N'Vùng 6',62,N'Bình Thuận',0,'BTN'),
(52,N'Vùng 6',63,N'Lâm Đồng',0,'LDG'),
(52,N'Vùng 6',64,N'Bà Rịa - Vũng Tàu',0,'VTU'),
(52,N'Vùng 6',65,N'Bình Dương',0,'BDG'),
(52,N'Vùng 6',65,N'Bình Dương',1,'BDG_01'),
(52,N'Vùng 6',65,N'Bình Dương',2,'BDG_02'),
(52,N'Vùng 6',65,N'Bình Dương',3,'BDG_03'),
(52,N'Vùng 6',66,N'Tây Ninh',0,'TNH'),
(52,N'Vùng 6',68,N'Ninh Thuận',0,'NTN'),
(52,N'Vùng 6',651,N'Bình Phước',0,'BPC'),
(62,N'Vùng 7',67,N'Đồng Tháp',0,'DTP'),
(62,N'Vùng 7',70,N'Vĩnh Long',0,'VLG'),
(62,N'Vùng 7',71,N'Cần Thơ',0,'CTO'),
(62,N'Vùng 7',72,N'Long An',0,'LAN'),
(62,N'Vùng 7',73,N'Tiền Giang',0,'TGG'),
(62,N'Vùng 7',74,N'Trà Vinh',0,'TVH'),
(62,N'Vùng 7',75,N'Bến Tre',0,'BTE'),
(62,N'Vùng 7',76,N'An Giang',0,'AGG'),
(62,N'Vùng 7',77,N'Kiên Giang',0,'KGG'),
(62,N'Vùng 7',79,N'Sóc Trăng',0,'STG'),
(62,N'Vùng 7',711,N'Hậu Giang',0,'HGG'),
(62,N'Vùng 7',780,N'Cà Mau',0,'CMU'),
(62,N'Vùng 7',781,N'Bạc Liêu',0,'BLU')
GO